Date,Open,High,Low,Close,Adj Close,Volume
4/20/2018,73.540001,73.57,72.550003,72.839996,72.839996,7050900
4/23/2018,65.510002,65.93,64.949997,65.68,56.998486,6282800
4/24/2018,65.860001,67.25,65.760002,66.599998,57.79689,10204500
4/25/2018,66.25,68.089996,66.18,67.730003,58.777519,7379300
4/26/2018,67.760002,69.379997,67.699997,68.690002,59.610641,10664500
4/27/2018,68.82,71.080002,68.610001,69.949997,60.704079,7486500
4/30/2018,70.139999,70.629997,69,69.830002,60.599953,18378800
5/1/2018,69.230003,69.75,68,68,59.011826,9569900
5/2/2018,66.989998,67.5,65.510002,65.940002,57.224121,14322500
5/3/2018,65.779999,65.830002,62.25,62.27,54.039215,17123400
5/4/2018,62.040001,63.389999,61.310001,63.099998,54.759499,12251800
5/7/2018,63.119999,63.25,61.389999,61.75,53.58794,11944900
5/8/2018,62,62,60.32,60.709999,52.68541,10412800
5/9/2018,60.889999,62.360001,60.650002,61.209999,53.119324,9062300
5/10/2018,61.700001,63.619999,61.560001,62.439999,54.186741,10115800
5/11/2018,62.709999,65.610001,60.900002,64.410004,55.896351,15335100
5/14/2018,64.610001,67.07,64.580002,66.82,57.987797,12415100
5/15/2018,66.480003,66.82,65.480003,65.839996,57.137337,6510100
5/16/2018,66.099998,66.449997,65.589996,66.129997,57.389004,5965300
5/17/2018,66.059998,66.300003,65.519997,65.760002,57.067913,6605200
5/18/2018,65.980003,66.089996,64.589996,64.919998,56.33894,4734500
5/21/2018,65.099998,65.669998,64.739998,65.5,56.842274,4958900
5/22/2018,65.690002,66.589996,65.419998,65.620003,56.946407,4183600
5/23/2018,65.379997,65.82,64.860001,65.57,56.903027,5965400
5/24/2018,65.529999,65.650002,64.339996,65.120003,56.51252,4706800
5/25/2018,65.120003,66.529999,64.940002,66.029999,57.302227,5559800
5/29/2018,65.449997,65.980003,64.599998,64.800003,56.234802,8248000
5/30/2018,65.059998,66.029999,64.760002,65.989998,57.267509,6522900
5/31/2018,65.839996,65.860001,63.360001,63.389999,55.011169,13403100
6/1/2018,63.849998,64.209999,63.439999,64.07,55.601303,5503000
6/4/2018,64.080002,64.529999,63.639999,64.099998,55.627319,11423800
6/5/2018,63.919998,64.32,62.66,63.330002,54.95911,8008800
6/6/2018,63.669998,65.110001,63.349998,65.080002,56.477791,6529400
6/7/2018,65.120003,65.650002,64.650002,65.019997,56.425724,5814300
6/8/2018,65.269997,66.07,65.010002,66.029999,57.302227,5473800
6/11/2018,66.099998,67.730003,65.790001,66.940002,58.091938,8261800
6/12/2018,67.120003,67.339996,65.449997,66.349998,57.579918,9915000
6/13/2018,68,69.629997,67.290001,68.410004,59.367645,13830700
6/14/2018,68.699997,69.480003,68.099998,69.120003,59.983791,8630900
6/15/2018,68.940002,70.25,68.839996,70.089996,60.825577,13025200
6/18/2018,69.279999,69.480003,67.629997,67.739998,58.786186,7482800
6/19/2018,67.720001,71.330002,67.5,70.769997,61.41568,11019600
6/20/2018,70.599998,72.129997,69.790001,71.599998,62.135986,9279300
6/21/2018,71.93,72.919998,70.809998,71.080002,61.684727,6157500
6/22/2018,71.589996,72.629997,71.040001,72.18,62.639324,8784200
6/25/2018,71.690002,72.220001,70.400002,71.43,61.988453,6735000
6/26/2018,71.5,71.75,69.519997,69.809998,60.582577,6579700
6/27/2018,69.769997,70.43,69.239998,70.050003,60.790874,6376400
6/28/2018,64.190002,66.330002,63.040001,65.779999,57.085274,26157400
6/29/2018,65.879997,65.989998,64.339996,64.349998,55.844288,10754700
7/2/2018,63.939999,65.290001,63.709999,65.169998,56.555893,7449400
7/3/2018,65.400002,65.400002,64.279999,64.5,55.974457,3242900
7/5/2018,65.099998,65.389999,64.440002,65.089996,56.486462,6678800
7/6/2018,64.959999,66.730003,64.68,66.480003,57.692738,7108200
7/9/2018,67.419998,68.690002,67.160004,67.639999,58.699417,8026500
7/10/2018,68.400002,68.769997,67.709999,68.239998,59.220104,6329800
7/11/2018,67.940002,67.940002,66.809998,67.300003,58.404346,5926800
7/12/2018,67.940002,70.339996,67.169998,67.989998,59.003139,14054100
7/13/2018,67.989998,69.550003,67.989998,68.629997,59.558556,5592100
7/16/2018,68.669998,68.779999,68.110001,68.239998,59.220104,4594100
7/17/2018,68.239998,68.300003,67.360001,67.940002,58.95977,5312600
7/18/2018,67.849998,68.360001,67.559998,67.900002,58.925041,5129500
7/19/2018,67.559998,67.75,64.760002,66.139999,57.397686,9621100
7/20/2018,65.75,65.980003,65.059998,65.260002,56.634003,6331200
7/23/2018,65.349998,66.57,65.330002,66.339996,57.571239,5456900
7/24/2018,65.809998,66.209999,65.309998,65.580002,57.343906,6764600
7/25/2018,65.300003,66,65.139999,65.989998,57.702408,4586500
7/26/2018,66.239998,66.739998,66.160004,66.339996,58.00845,4579200
7/27/2018,65.959999,67.050003,65.93,66.669998,58.297012,4545200
7/30/2018,66.650002,67.589996,66.599998,67.43,58.961559,4669300
7/31/2018,67.459999,67.660004,64.849998,64.860001,56.714329,9351400
8/1/2018,65,65.489998,63.720001,64.089996,56.041019,9565900
8/2/2018,63.77,64.190002,63.23,63.779999,55.769962,6806100
8/3/2018,63.91,65.239998,63.700001,64.889999,56.740551,4805500
8/6/2018,64.849998,65.300003,64.690002,65.040001,56.871716,4738100
8/7/2018,65.419998,66.019997,64.959999,65.449997,57.230232,5716400
8/8/2018,68.019997,69.389999,66.720001,68.169998,59.608616,18507400
8/9/2018,68.169998,69.279999,67.980003,68.57,59.958374,9074000
8/10/2018,68.5,69.120003,68.209999,69.050003,60.378113,5918800
8/13/2018,69.25,70.150002,68.559998,69.5,60.771587,6795300
8/14/2018,69.5,71.889999,69.5,71.379997,62.415493,9902200
8/15/2018,71.040001,71.769997,70.279999,71.639999,62.642838,6965600
8/16/2018,72.239998,73.870003,72,73.199997,64.006912,9037100
8/17/2018,73.040001,74.239998,72.769997,73.68,64.426636,7145900
8/20/2018,73.980003,74.900002,73.790001,74.620003,65.248573,5873000
8/21/2018,74.300003,74.599998,73.309998,73.690002,64.435394,5072600
8/22/2018,73.5,74.540001,73.139999,73.910004,64.627747,5259100
8/23/2018,73.709999,73.900002,73.199997,73.639999,64.391663,4299600
8/24/2018,73.639999,74.25,73.589996,74.080002,64.77639,5499700
8/27/2018,74.199997,75.099998,74.160004,74.959999,65.545876,4770800
8/28/2018,75,75.029999,73.900002,74.919998,65.51091,5535100
8/29/2018,74.860001,74.919998,74.209999,74.449997,65.099937,3781100
8/30/2018,74.099998,74.779999,73.650002,74.529999,65.169876,4036500
8/31/2018,74.459999,75.309998,74.309998,75.239998,65.790695,5644700
9/4/2018,74.980003,75.010002,73.360001,74,64.706451,9709000
9/5/2018,73.889999,75.220001,72.82,74.889999,65.484688,14728800
9/6/2018,75.010002,76.309998,74.089996,76.07,66.516479,9470900
9/7/2018,75.889999,77.419998,75.830002,77.290001,67.58326,9984600
9/10/2018,77.269997,77.800003,75.629997,75.639999,66.14048,5329200
9/11/2018,74.910004,75.940002,74.580002,75.730003,66.219177,4980800
9/12/2018,75.830002,77.5,75.620003,77.32,67.609489,6154900
9/13/2018,77.970001,78.5,76.889999,77.080002,67.39962,6847600
9/14/2018,77.449997,77.739998,76.860001,76.910004,67.250984,5019000
9/17/2018,76.830002,78.199997,76.760002,78.099998,68.291534,8987800
9/18/2018,78.040001,79.18,77.610001,78.610001,68.737488,7718000
9/19/2018,78.809998,79.940002,78.480003,78.959999,69.04351,7808600
9/20/2018,79.410004,79.970001,79.239998,79.389999,69.419525,6736700
9/21/2018,79.459999,79.93,78.580002,79.589996,69.594414,12104700
9/24/2018,79.220001,79.370003,78.120003,78.739998,68.851166,7129400
9/25/2018,78.339996,78.900002,77.309998,77.610001,67.863068,8941600
9/26/2018,77.870003,79.089996,77.330002,78.43,68.580093,6001000
9/27/2018,78.470001,79.43,78.349998,78.760002,68.868645,8946000
9/28/2018,78.389999,79.089996,78.260002,78.720001,68.833672,6317400
10/1/2018,79.050003,80.559998,78.949997,79.5,69.515709,6452800
10/2/2018,79.279999,79.989998,79.160004,79.239998,69.288368,3929600
10/3/2018,79.660004,80.470001,79.199997,79.900002,69.865463,4825100
10/4/2018,79.57,79.970001,78.970001,79.389999,69.419525,6577800
10/5/2018,79.220001,79.690002,78.440002,78.669998,68.789948,4540800
10/8/2018,78.809998,80,78.730003,79.800003,69.778023,5256000
10/9/2018,79.760002,79.889999,78.809998,79.489998,69.506973,3701700
10/10/2018,80.010002,80.529999,78.699997,78.919998,69.008545,14047100
10/11/2018,76.690002,77.07,72.599998,73.190002,63.99818,17094600
10/12/2018,74.510002,74.970001,73.269997,74.580002,65.213623,9479700
10/15/2018,74.169998,74.970001,73.019997,73.059998,63.884491,7383700
10/16/2018,73.540001,73.75,72.650002,73.720001,64.461601,10207400
10/17/2018,73.959999,74.830002,73.75,74.360001,65.021233,7234000
10/18/2018,74.470001,75.169998,73.769997,74.529999,65.169876,7315700
10/19/2018,74.389999,75.620003,73.949997,74.18,64.863831,7274700
10/22/2018,74.449997,74.940002,72.599998,72.839996,63.692127,5390400
10/23/2018,71.269997,72.910004,70.449997,72.449997,63.788971,5862800
10/24/2018,72.129997,72.57,69.580002,69.809998,61.464573,6936900
10/25/2018,70.080002,71.129997,69.550003,70.669998,62.221771,9234600
10/26/2018,70,70.800003,69.169998,70.120003,61.737514,8538100
10/29/2018,71.160004,71.519997,69.480003,70.540001,62.1073,6262100
10/30/2018,71.029999,72.470001,70.330002,72.389999,63.736153,7205900
10/31/2018,72.779999,73.349998,71.459999,72.389999,63.736153,7671300
11/1/2018,72.739998,74.480003,72.610001,74.410004,65.514679,6424100
11/2/2018,74.839996,74.910004,72.260002,73.089996,64.35247,5894700
11/5/2018,73.400002,74.629997,73.18,73.690002,64.880753,6413500
11/6/2018,74.5,78.089996,74.25,77.900002,68.58744,12828500
11/7/2018,79.019997,81.279999,78.529999,78.769997,69.353447,12356200
11/8/2018,78.389999,80.089996,78.25,80.050003,70.480446,7924300
11/9/2018,80.129997,80.459999,79.139999,79.830002,70.286743,5761300
11/12/2018,79.830002,81.089996,79.449997,80.339996,70.735756,5682500
11/13/2018,80.959999,81.559998,80.129997,80.800003,71.140778,6657100
11/14/2018,81.099998,82.150002,79.360001,79.919998,70.365982,8673300
11/15/2018,79.379997,80.269997,77.849998,79.839996,70.29554,6859700
11/16/2018,79.580002,80.440002,79.260002,79.330002,69.846504,6568400
11/19/2018,79.470001,80.07,77.980003,78.550003,69.159752,6155700
11/20/2018,77.099998,77.779999,75.300003,75.519997,66.491966,10232600
11/21/2018,76.139999,76.550003,74.959999,75.089996,66.11338,6889400
11/23/2018,74.790001,75.870003,74.339996,75.18,66.192612,2439700
11/26/2018,76.550003,78.910004,76.5,77.839996,68.534622,14719200
11/27/2018,77.989998,79.580002,77.050003,79.5,69.996178,11905200
11/28/2018,80.620003,81.650002,79.779999,80.269997,70.674126,19884000
11/29/2018,80.690002,80.809998,79.709999,80,70.436401,10092000
11/30/2018,79.760002,80.239998,78.68,80.199997,70.612503,15921500
12/3/2018,80.199997,80.669998,79.160004,79.519997,70.013771,16494800
12/4/2018,79.449997,80.370003,78.57,78.910004,69.47673,13333700
12/6/2018,77.900002,78.059998,73.889999,76.57,67.416458,15678500
12/7/2018,76.199997,76.379997,73.690002,74.089996,65.232925,10556300
12/10/2018,74.110001,74.220001,71.510002,73.339996,64.572594,10798500
12/11/2018,74.739998,75.410004,72.610001,73.410004,64.634224,10488200
12/12/2018,74.400002,75.669998,74.129997,74.5,65.593918,10141800
12/13/2018,74.360001,74.57,72.32,73.370003,64.598999,10693900
12/14/2018,72.739998,73.440002,71.610001,71.879997,63.287117,10624700
12/17/2018,71,71.980003,70.25,70.690002,62.239395,9481500
12/18/2018,71.370003,71.410004,68.720001,69.559998,61.244465,9711800
12/19/2018,69.809998,70.620003,68.160004,68.589996,60.390423,11042700
12/20/2018,68.099998,68.639999,65.889999,66.480003,58.532665,12921400
12/21/2018,65.949997,67.5,63.68,63.700001,56.084995,19254500
12/24/2018,63.540001,64.440002,62.810001,62.919998,55.398239,6314200
12/26/2018,63.029999,65.410004,62.060001,65.410004,57.590572,9480400
12/27/2018,64.669998,65.239998,62.810001,65.239998,57.440891,8673300
12/28/2018,65.800003,66.239998,64.849998,65.190002,57.396873,7627600
12/31/2018,65.440002,66.080002,64.75,65.519997,57.687428,7627200
1/2/2019,64.860001,65.870003,64.440002,65.580002,57.740253,7322400
1/3/2019,65.25,65.900002,64.639999,65.230003,57.432095,7001800
1/4/2019,66.089996,67.43,65.949997,66.82,58.832016,7214800
1/7/2019,67.389999,69.349998,66.720001,68.610001,60.408031,8908100
1/8/2019,68.790001,69.739998,67.260002,68.529999,60.337593,10335000
1/9/2019,68.57,68.68,65.309998,66.040001,58.145256,14981000
1/10/2019,66.019997,66.279999,64.559998,65.550003,57.713825,15503500
1/11/2019,65.18,65.82,64.360001,65.809998,57.942753,11396300
1/14/2019,65.379997,65.779999,64.900002,65.339996,57.528938,9276000
1/15/2019,64.68,64.82,63.139999,63.740002,56.120213,15501500
1/16/2019,63.810001,64.5,63.669998,63.919998,56.278694,13551200
1/17/2019,63.970001,64.089996,63.27,63.369999,55.794441,12599200
1/18/2019,64.650002,65.550003,64.300003,65.519997,57.687428,15600000
1/22/2019,65.389999,65.769997,64.599998,64.919998,57.159142,8492600
1/23/2019,65.300003,66.32,64.900002,66.110001,58.20689,9101400
1/24/2019,65.5,65.629997,64.559998,64.980003,57.64798,7039900
1/25/2019,65.57,65.809998,65.139999,65.449997,58.064941,8625700
1/28/2019,65.110001,65.260002,63.580002,65.239998,57.878639,8642000
1/29/2019,65.459999,66.150002,65.18,65.540001,58.144791,7293600
1/30/2019,66.290001,66.660004,65.769997,65.959999,58.517399,7340600
1/31/2019,65.949997,66.410004,65.550003,65.550003,58.153652,10883200
2/1/2019,64.5,65.720001,62.880001,65.220001,57.860897,16742500
2/4/2019,65.25,65.919998,64.870003,65.910004,58.473045,7151900
2/5/2019,66.239998,66.379997,65.389999,65.669998,58.260113,6763900
2/6/2019,65.440002,66.290001,65.360001,66.029999,58.579506,6494600
2/7/2019,65.970001,66.129997,64.949997,65.75,58.331089,6306600
2/8/2019,65.489998,65.699997,64.360001,65.010002,57.674599,7754000
2/11/2019,65.349998,65.730003,65.010002,65.099998,57.754433,9654800
2/12/2019,65.440002,67.400002,65.300003,67.010002,59.448921,7868000
2/13/2019,67.330002,68.160004,67.129997,67.790001,60.140911,9738200
2/14/2019,67.459999,68.160004,66.769997,67.690002,60.052197,6988200
2/15/2019,68.260002,69.870003,67.849998,69.529999,61.684586,10245400
2/19/2019,70.209999,70.32,69.279999,69.879997,61.995079,13091900
2/20/2019,63.669998,65.190002,63.299999,64.220001,56.97374,43365600
2/21/2019,64.029999,64.150002,61.959999,62.349998,55.314739,26490600
2/22/2019,62.139999,62.349998,61.169998,61.950001,54.959869,20182900
2/25/2019,62.119999,62.290001,61.200001,61.23,54.321114,12853900
2/26/2019,61.25,61.580002,60.59,60.68,53.833168,12273600
2/27/2019,60.43,60.490002,58.459999,58.5,51.899151,20986500
2/28/2019,58.540001,58.790001,57.560001,57.830002,51.304752,17121000
3/1/2019,58.150002,58.740002,58.060001,58.130001,51.5709,14432800
3/4/2019,58.369999,58.549999,55.799999,55.959999,49.645748,17836000
3/5/2019,56.150002,56.200001,54.369999,54.959999,48.758587,27776100
3/6/2019,54.740002,55.009998,54,54,47.906918,15876800
3/7/2019,54.139999,54.34,52.169998,52.360001,46.451958,23030200
3/8/2019,52.060001,53.099998,51.93,52.93,46.957642,21748300
3/11/2019,53.099998,53.889999,52.310001,53.75,47.68512,14770200
3/12/2019,54.02,54.93,53.720001,54.650002,48.483574,16681400
3/13/2019,55.610001,56.919998,55.310001,56.57,50.186928,22936500
3/14/2019,56.950001,57.41,55.669998,55.880001,49.57478,15216100
3/15/2019,55.919998,56.189999,55.27,55.599998,49.32637,24262200
3/18/2019,55.610001,56.919998,55.560001,56.669998,50.275635,12752900
3/19/2019,56.700001,57.540001,56.48,57.09,50.648243,12367400
3/20/2019,56.82,56.900002,55.810001,56.16,49.823177,11405800
3/21/2019,56.07,57.610001,55.779999,57.400002,50.923264,10452700
3/22/2019,57.110001,57.279999,55.919998,56.040001,49.716721,10204200
3/25/2019,55.799999,56.130001,54.400002,54.950001,48.749722,12968600
3/26/2019,55.380001,56.169998,55.080002,55.389999,49.140068,11730900
3/27/2019,53.939999,54.43,52.830002,54.049999,47.951267,21327300
3/28/2019,54.18,54.599998,53.25,53.360001,47.339123,11564900
3/29/2019,53.549999,53.970001,53.290001,53.93,47.844807,11361500
4/1/2019,54.16,54.34,53.450001,54.189999,48.07547,10790100
4/2/2019,52.68,52.919998,51.77,52.130001,46.247913,22104400
4/3/2019,52.419998,53.07,52.32,52.790001,46.833439,17437400
4/4/2019,52.880001,53.459999,52.799999,53.400002,47.374607,11058000
4/5/2019,53.610001,54.200001,53.509998,54.060001,47.960136,10002100
4/8/2019,53.959999,54.490002,53.740002,54.150002,48.039978,8374100
4/9/2019,54.099998,54.330002,53.450001,53.720001,47.658501,9275800
4/10/2019,53.700001,53.889999,53.040001,53.869999,47.79158,11853400
4/11/2019,53.98,54.369999,52.470001,52.689999,46.744724,11354700
4/12/2019,52.950001,53.290001,52.580002,52.810001,46.851181,10024700
4/15/2019,53.720001,54.599998,53.5,54.220001,48.102081,17590400
4/16/2019,54.73,54.830002,53.34,53.900002,47.818192,12943200
4/17/2019,53.98,54.150002,52,52.540001,46.611645,22106000
4/18/2019,52.439999,53.16,52.259998,52.630001,46.691494,15930600
4/22/2019,52.43,52.759998,52.18,52.43,46.960197,9122500
4/23/2019,52.5,53.669998,52.099998,52.959999,47.434902,14102400
4/24/2019,52.990002,53.110001,52.560001,52.93,47.408039,9599200
4/25/2019,52.810001,53.689999,52.610001,53.23,47.676731,8503000
4/26/2019,53.23,53.619999,52.93,53.529999,47.945435,9084500
4/29/2019,53.150002,54.439999,52.66,53.990002,48.357441,9731200
4/30/2019,54.630001,54.889999,53.450001,54.380001,48.706757,13911200
5/1/2019,56.849998,57.75,56.209999,57.330002,51.348999,26243000
5/2/2019,57.209999,57.369999,55.57,56.73,50.811596,14489700
5/3/2019,57.009998,57.34,56.029999,56.66,50.748898,11035600
5/6/2019,55.970001,56.619999,55.41,56.599998,50.695156,10689500
5/7/2019,56.349998,56.48,54.919998,55.349998,49.575562,9586900
5/8/2019,55.360001,56.119999,54.880001,55.740002,49.924877,8841200
5/9/2019,55.099998,55.650002,54.630001,55.349998,49.575562,9255700
5/10/2019,55.299999,55.619999,54.240002,55.16,49.405384,9397100
5/13/2019,54.299999,54.450001,53.299999,53.82,48.205173,11183800
5/14/2019,53.849998,54.23,52.939999,52.970001,47.443863,10772900
5/15/2019,52.709999,53.07,51.880001,52.790001,47.282635,11618000
5/16/2019,52.900002,53.209999,52.150002,52.299999,46.843758,11823600
5/17/2019,52.009998,53.200001,51.720001,52.880001,47.363251,8046700
5/20/2019,52.849998,53.599998,52.700001,53,47.470726,8083900
5/21/2019,53.32,53.689999,52.849998,53.52,47.936481,8163200
5/22/2019,53.43,53.82,52.82,53.709999,48.106655,7919800
5/23/2019,53.27,53.290001,52.34,52.790001,47.282635,9388900
5/24/2019,52.880001,53.169998,52.59,53.07,47.533424,5681200
5/28/2019,53.119999,53.240002,52.580002,52.700001,47.202023,12493000
5/29/2019,52.459999,52.950001,52.119999,52.52,47.040802,9578200
5/30/2019,52.639999,52.959999,52.290001,52.75,47.246815,6789100
5/31/2019,52.27,52.720001,52.040001,52.369999,46.906456,8089300
6/3/2019,52.540001,53.700001,52.459999,53.389999,47.820045,8920500
6/4/2019,54.43,55.75,54.25,54.619999,48.921722,12754300
6/5/2019,55,55.049999,53.02,53.169998,47.622986,12128800
6/6/2019,53.139999,54.610001,53.02,54.110001,48.46492,10043000
6/7/2019,54.27,54.619999,53.810001,53.919998,48.294746,7826000
6/10/2019,54.330002,55.529999,54.299999,55.029999,49.288948,8007800
6/11/2019,54.43,55.09,53.790001,53.970001,48.339531,8774300
6/12/2019,53.849998,54.029999,53.040001,53.66,48.061867,9404900
6/13/2019,53.869999,54.639999,53.709999,54.59,48.894848,5250700
6/14/2019,54.650002,54.68,54.049999,54.169998,48.518669,4680700
6/17/2019,54.23,54.700001,53.93,54.540001,48.850063,5008800
6/18/2019,54.830002,55.34,54.540001,54.66,48.95755,7156800
6/19/2019,54.860001,55.380001,54.669998,54.889999,49.163544,6212900
6/20/2019,54.889999,55.080002,53.279999,53.869999,48.249969,13254500
6/21/2019,53.799999,54.02,53.23,53.650002,48.052914,12482100
6/24/2019,53.709999,53.75,52.759998,53.139999,47.596127,9144900
6/25/2019,53.25,53.790001,52.889999,53.68,48.079788,7865700
6/26/2019,53.740002,54.130001,53.279999,53.700001,48.097698,6655200
6/27/2019,54.029999,55,53.939999,54.740002,49.029209,7476000
6/28/2019,54.830002,55.240002,54.349998,54.490002,48.805286,9336900
7/1/2019,55.099998,55.990002,54.650002,54.93,49.199383,7991100
7/2/2019,54.869999,55.009998,54.119999,54.799999,49.082943,4960200
7/3/2019,55.009998,55.84,55,55.200001,49.441208,4117800
7/5/2019,55.240002,56.110001,55.110001,55.57,49.77261,4264200
7/8/2019,55.380001,55.450001,54.759998,55.310001,49.539738,5936900
7/9/2019,55.049999,55.369999,54.66,54.830002,49.109814,5757900
7/10/2019,55,55.5,54.650002,55.380001,49.602436,5059800
7/11/2019,59.369999,60.130001,57.52,57.970001,51.922234,29037100
7/12/2019,57.900002,58.48,57.34,57.549999,51.54604,10089400
7/15/2019,57.759998,57.790001,57.040001,57.439999,51.447517,5883400
7/16/2019,57.369999,57.5,56.869999,57.380001,51.393784,5063000
7/17/2019,57.330002,57.369999,56.009998,56.23,50.363754,7678600
7/18/2019,56.07,56.68,55.470001,56.5,50.605587,6063400
7/19/2019,56.700001,56.82,55.939999,55.939999,50.104012,5480900
7/22/2019,56.080002,56.16,55.259998,55.48,49.692001,5717300
7/23/2019,55.41,56.400002,55.049999,56.27,50.39959,6973400
7/24/2019,55.900002,56.09,54.970001,55.990002,50.5984,6774800
7/25/2019,55.68,55.900002,55.049999,55.439999,50.101357,5526200
7/26/2019,55.540001,56,55.349998,55.540001,50.19173,4753300
7/29/2019,55.470001,56.52,55.450001,56.259998,50.8424,4951600
7/30/2019,55.91,56.59,55.540001,56.529999,51.086403,5016900
7/31/2019,56.599998,56.599998,55.400002,55.869999,50.489952,8473100
8/1/2019,55.799999,56.91,55.360001,55.369999,50.038097,11847900
8/2/2019,55.43,55.84,55.009998,55.709999,50.34536,6673300
8/5/2019,55.049999,55.950001,54.060001,54.509998,49.260918,9492300
8/6/2019,54.599998,54.700001,53,54.09,48.881359,12803400
8/7/2019,56.27,58.279999,56.009998,58.119999,52.523293,22891700
8/8/2019,58.720001,59.52,58.5,59.040001,53.354694,14892100
8/9/2019,58.939999,59.5,58.490002,59.290001,53.580616,6694500
8/12/2019,59.049999,59.259998,58.560001,58.75,53.092613,5452600
8/13/2019,58.700001,59.970001,58.48,59.849998,54.086697,8243200
8/14/2019,59.330002,59.490002,58.459999,58.560001,52.920918,10561400
8/15/2019,58.799999,59.150002,57.919998,58.84,53.173958,10751100
8/16/2019,59.279999,60.549999,59.119999,60.279999,54.475285,9643600
8/19/2019,60.810001,61.549999,60.599998,61.389999,55.478401,10072100
8/20/2019,61.240002,61.869999,61.07,61.560001,55.63203,8961400
8/21/2019,62.18,62.580002,61.599998,61.650002,55.713364,9595600
8/22/2019,61.91,62.169998,61.099998,62.049999,56.074841,6401900
8/23/2019,61.360001,62.119999,60.029999,60.240002,54.43914,9353100
8/26/2019,60.799999,60.990002,60.279999,60.759998,54.909069,4849400
8/27/2019,61.209999,61.310001,59.119999,59.189999,53.49025,7700600
8/28/2019,59.060001,59.580002,58.619999,59.48,53.752331,7817200
8/29/2019,60.119999,60.599998,59.849998,60.150002,54.357815,6784000
8/30/2019,60.669998,61.150002,60.259998,60.919998,55.053658,6310300
9/3/2019,60.439999,60.830002,59.689999,60.689999,54.845806,5379400
9/4/2019,61.189999,61.799999,61,61.66,55.722404,5700600
9/5/2019,63.009998,63.34,62.380001,62.759998,56.716476,7892700
9/6/2019,62.740002,62.970001,62.009998,62.23,56.237511,7124800
9/9/2019,62.540001,63.860001,62.509998,63.68,57.547882,8623700
9/10/2019,63.75,64.120003,62.799999,63.599998,57.475586,10239200
9/11/2019,63.48,64.010002,63.290001,63.990002,57.828037,7314800
9/12/2019,64.940002,65.25,63.639999,63.900002,57.746696,8816700
9/13/2019,64.099998,64.720001,63.16,64.059998,57.891285,6184500
9/16/2019,63.299999,63.849998,63.18,63.43,57.321953,4408700
9/17/2019,63.5,63.75,63.150002,63.48,57.367142,4652500
9/18/2019,63.220001,63.540001,62.740002,63.259998,57.168324,4747100
9/19/2019,63.450001,64.029999,63.279999,63.630001,57.502701,4543600
9/20/2019,64.18,64.690002,64.010002,64.300003,58.108181,10375300
9/23/2019,63.93,64.32,63.099998,63.349998,57.24966,7360100
9/24/2019,63.549999,64.190002,62.669998,62.93,56.87011,6519500
9/25/2019,62.650002,63.369999,62.470001,62.59,56.562847,5207200
9/26/2019,62.68,62.779999,60.950001,61.59,55.659134,7455800
9/27/2019,61.939999,62.5,61.580002,62.080002,56.101959,4938900
9/30/2019,62.110001,63.439999,61.77,63.07,56.996624,6383400
10/1/2019,63.200001,63.560001,61.759998,62.349998,56.345955,5996600
10/2/2019,61.98,62.099998,60.959999,61.5,55.577812,6398400
10/3/2019,61.509998,61.779999,60.369999,61.220001,55.324772,5800100
10/4/2019,61.150002,62.32,61.130001,62.240002,56.246548,4677400
10/7/2019,62.130001,62.549999,61.73,61.990002,56.020634,4465500
10/8/2019,61.48,61.619999,60.139999,60.380001,54.565662,6950500
10/9/2019,60.860001,61.34,60.610001,60.799999,54.945206,5214900
10/10/2019,60.900002,62.5,60.849998,62.139999,56.156181,6729200
10/11/2019,62.799999,63.610001,62.77,62.939999,56.879139,6278700
10/14/2019,62.77,63.25,62.43,62.990002,56.924328,2934800
10/15/2019,63.48,64.970001,63.48,64.830002,58.587147,8209600
10/16/2019,65,65.790001,64.760002,65.410004,59.11129,7343500
10/17/2019,65.559998,66.580002,65.309998,66.5,60.096321,8402500
10/18/2019,66.32,66.459999,65.730003,66.160004,59.789066,6249500
10/21/2019,66.629997,66.779999,65.610001,65.699997,59.373367,6820700
10/22/2019,65.879997,66.919998,65.730003,66.559998,60.150539,6293100
10/23/2019,66.040001,66.309998,65.32,65.599998,59.731697,4683800
10/24/2019,65.599998,65.889999,64.470001,64.839996,59.039677,5562300
10/25/2019,64.639999,65.610001,64.379997,65.099998,59.276428,5068400
10/28/2019,65.449997,66.540001,65.349998,65.879997,59.986656,7015900
10/29/2019,65.690002,66.099998,64.949997,65.889999,59.995758,6505900
10/30/2019,66.150002,67.330002,65.849998,67.050003,61.051983,8032000
10/31/2019,66.800003,67.099998,65.720001,66.389999,60.451023,6138500
11/1/2019,66.860001,67.589996,66.709999,67.239998,61.224983,6793300
11/4/2019,67.970001,68.410004,67.480003,68.040001,61.95343,8822200
11/5/2019,68.25,68.650002,67.129997,67.32,61.29784,15587500
11/6/2019,69.43,70.940002,69.300003,70.93,64.5849,22382100
11/7/2019,71.940002,72.089996,71.18,71.779999,65.358849,11695900
11/8/2019,71.800003,72.980003,71.57,72.470001,65.987137,9245700
11/11/2019,71.980003,72.75,71.57,71.730003,65.313339,5057600
11/12/2019,71.550003,72.470001,71,72.349998,65.877869,5030400
11/13/2019,71.830002,73.290001,71.709999,72.82,66.305832,5112000
11/14/2019,72.769997,73.25,72.629997,72.940002,66.4151,4032700
11/15/2019,73.339996,74.389999,72.980003,74.290001,67.644341,8767100
11/18/2019,74.150002,75.129997,74.110001,75.099998,68.381874,8463700
11/19/2019,75.279999,75.470001,74.459999,75.349998,68.609497,6923900
11/20/2019,75.25,75.489998,74.339996,74.919998,68.217972,6958100
11/21/2019,74.870003,75.279999,74.160004,74.940002,68.236176,4339000
11/22/2019,75.279999,75.699997,75.089996,75.309998,68.573082,5402100
11/25/2019,75.5,77.029999,75.5,76.580002,69.729485,8807100
11/26/2019,76.760002,76.790001,74.639999,74.940002,68.236176,10128300
11/27/2019,75.099998,75.559998,74.629997,75.040001,68.327232,7823800
11/29/2019,74.690002,75.400002,74.43,75.269997,68.536667,4463600
12/2/2019,75.220001,75.910004,75.010002,75.550003,68.791611,5264500
12/3/2019,74.389999,74.790001,73.599998,74.709999,68.026733,6381600
12/4/2019,75.25,75.440002,74.900002,75,68.29081,4958400
12/5/2019,75.059998,75.080002,73.889999,74.480003,67.817345,4900300
12/6/2019,75.080002,75.75,75,75.360001,68.618607,5103400
12/9/2019,75.029999,75.489998,74.889999,74.989998,68.281708,4812600
12/10/2019,75,75.050003,72.639999,73.18,66.633629,10942900
12/11/2019,73.07,73.75,72.839996,73.349998,66.788429,7192500
12/12/2019,73.629997,74.529999,73.379997,74.260002,67.61702,4774400
12/13/2019,74.220001,74.540001,73.580002,73.589996,67.006958,3902500
12/16/2019,74.25,75.010002,73.940002,74.400002,67.744507,5511800
12/17/2019,74.389999,74.440002,72.809998,73.349998,66.788429,7901200
12/18/2019,72.940002,73.599998,72.650002,73.279999,66.724686,7132700
12/19/2019,73.949997,74.279999,73.650002,74.099998,67.471329,6583900
12/20/2019,75,75,74.110001,74.580002,67.908394,8571700
12/23/2019,74.540001,74.949997,74.32,74.379997,67.726273,3882500
12/24/2019,74.529999,74.779999,74.360001,74.510002,67.844643,1315400
12/26/2019,74.699997,74.760002,74.139999,74.480003,67.817345,2801100
12/27/2019,74.510002,74.610001,74.040001,74.400002,67.744507,3543500
12/30/2019,74.269997,74.529999,73.610001,73.699997,67.107109,3450800
12/31/2019,73.559998,74.370003,73.419998,74.290001,67.644341,4531900
1/2/2020,74.650002,74.699997,73.529999,74.160004,67.525963,5022700
1/3/2020,73.220001,74.059998,73.07,73.57,66.988724,4453000
1/6/2020,73.120003,73.940002,73.059998,73.860001,67.252785,4620700
1/7/2020,73.610001,73.669998,72.660004,73.580002,66.997849,6172300
1/8/2020,72.5,73.089996,71.599998,72.660004,66.160133,8311200
1/9/2020,73,73.260002,72.669998,72.860001,66.342255,5426200
1/10/2020,73.309998,73.360001,71.82,72.110001,65.659348,5198600
1/13/2020,72.290001,72.989998,71.629997,72.760002,66.251205,6654600
1/14/2020,72.529999,73.93,72.519997,73.830002,67.225487,6484200
1/15/2020,73.989998,75.620003,73.940002,75.269997,68.536667,8102800
1/16/2020,75.629997,76.169998,75.279999,76.050003,69.246895,6902300
1/17/2020,76.110001,76.440002,75.830002,76.019997,69.219574,5500400
1/21/2020,76,76.010002,74.349998,74.589996,67.917488,8662800
1/22/2020,74.160004,74.620003,73.910004,74.010002,67.844154,4201400
1/23/2020,73.760002,73.879997,72.480003,73.529999,67.404137,8602500
1/24/2020,73.639999,73.650002,70.169998,71.43,65.479111,10126000
1/27/2020,69.900002,71.209999,69.360001,70.970001,65.057426,6403300
1/28/2020,71.25,72.139999,71.120003,71.82,65.836617,5039100
1/29/2020,72.110001,72.110001,70.449997,70.550003,64.672417,6285200
1/30/2020,70.089996,70.209999,68.379997,69.709999,63.902401,8430500
1/31/2020,69.349998,69.349998,67.400002,67.82,62.169846,9869700
2/3/2020,68.400002,68.610001,66.790001,66.93,61.354004,7694600
2/4/2020,67.309998,68.459999,67.300003,67.879997,62.224861,7525100
2/5/2020,68.779999,70.779999,68.559998,70.540001,64.663246,6609800
2/6/2020,71,71.589996,70.410004,70.839996,64.938248,6514400
2/7/2020,71.050003,72.089996,71,71.559998,65.598282,6611300
2/10/2020,71.550003,73.330002,71.260002,73.25,67.147484,8760200
2/11/2020,73.809998,74.129997,73.43,73.849998,67.697495,7933600
2/12/2020,74.68,75.25,72.639999,73.75,67.60582,13500800
2/13/2020,73.449997,74.099998,71.940002,72,66.00161,8553900
2/14/2020,71.980003,72.029999,70.269997,71.370003,65.42411,7655100
2/18/2020,71.190002,72,70.900002,72,66.00161,4844000
2/19/2020,72.309998,72.559998,71.660004,71.779999,65.799927,4831600
2/20/2020,71.5,72.230003,70.559998,71.940002,65.946609,5719300
2/21/2020,71.550003,71.800003,71.010002,71.510002,65.552437,5186200
2/24/2020,69.43,69.940002,67.720001,67.919998,62.26152,9637600
2/25/2020,68.239998,68.370003,64.089996,64.330002,58.970604,15062300
2/26/2020,64.650002,65.199997,62.549999,62.650002,57.43058,16872600
2/27/2020,61.5,61.5,59.330002,59.330002,54.387161,22059900
2/28/2020,57.290001,59.34,57.099998,59.18,54.24966,23726000
3/2/2020,60.669998,64.07,59.860001,64.029999,58.695606,15909500
3/3/2020,64.57,65.650002,61.360001,62.540001,57.329731,14989700
3/4/2020,66.599998,66.980003,64.830002,66.040001,60.538136,14690700
3/5/2020,63.939999,65.440002,63.630001,64.360001,58.998116,8581800
3/6/2020,62.57,65.089996,62.200001,64.150002,58.805611,11683300
3/9/2020,59.75,63.150002,59.599998,61.299999,56.193039,13484500
3/10/2020,62.759998,63.360001,59.060001,62.599998,57.384735,13274300
3/11/2020,61.220001,63,59.98,61.310001,56.202209,12099100
3/12/2020,57.130001,57.98,53.5,54.599998,50.051224,16856700
3/13/2020,57.459999,59.799999,54.459999,59.639999,54.671337,15473500
3/16/2020,53.68,56.889999,52.209999,52.299999,47.942841,13566000
3/17/2020,53.630001,59.25,52.639999,58,53.167965,15473700
3/18/2020,54.349998,59.639999,53.060001,57.18,52.41629,17953700
3/19/2020,56.799999,59.110001,54.139999,55.380001,50.766243,16247100
3/20/2020,55.810001,56.779999,53.529999,54.700001,50.142895,15682300
3/23/2020,53.860001,54.970001,52.040001,53.09,48.667019,16336800
3/24/2020,55.130001,55.639999,52.860001,54.349998,49.822048,19331500
3/25/2020,54.400002,57.529999,52.709999,53.639999,49.1712,19601500
3/26/2020,53.650002,58.450001,52.279999,58.310001,53.452137,23189500
3/27/2020,56.75,59.779999,55.82,58.599998,53.717979,15034000
3/30/2020,58.919998,60.400002,57.779999,59.68,54.708008,12939200
3/31/2020,59.18,59.84,58.18,59.330002,54.387161,11018700
4/1/2020,57.75,58.869999,57.200001,58.34,53.479645,11474400
4/2/2020,56.77,56.98,54.07,55.41,50.793736,16796400
4/3/2020,55.220001,56.599998,54.349998,55.720001,51.077919,8793000
4/6/2020,57.77,57.919998,55.779999,56.220001,51.536263,11833800
4/7/2020,57.900002,58.52,56.16,56.869999,52.132107,12324100
4/8/2020,57.330002,59.82,56.849998,59.41,54.460499,8559800
4/9/2020,59.52,61.450001,59.32,60.470001,55.432186,9168000
4/13/2020,60.5,61.259998,58.119999,58.959999,54.047985,9990300
4/14/2020,59.880001,61.669998,59.669998,61.560001,56.431381,8254200
4/15/2020,60.650002,60.93,59.450001,60.560001,55.514698,9272800
4/16/2020,60.84,62.889999,60.43,62.560001,57.348068,11098600
4/17/2020,64.010002,64.25,62.349998,63.360001,58.081421,8006300
4/20/2020,62.75,63.689999,62.16,62.34,57.146397,8217900
4/21/2020,61.509998,61.709999,59.970001,60.25,55.230526,8569700
4/22/2020,60.790001,60.990002,60.080002,60.349998,55.785126,5740400
4/23/2020,60.889999,62.23,60.860001,61.279999,56.644783,6053400
4/24/2020,61.34,62.700001,60.98,62.310001,57.596882,6098000
4/27/2020,62.98,63.830002,62.810001,63.5,58.696873,6728200
4/28/2020,65,65,62.779999,63.240002,58.456535,7346600
4/29/2020,63.52,64.050003,62.52,62.610001,57.874184,7689300
4/30/2020,62.349998,62.68,61.41,61.549999,56.894363,7361400
5/1/2020,60.790001,60.799999,59.27,59.700001,55.184303,7715800
5/4/2020,59.16,60.130001,58.939999,59.950001,55.41539,6372000
5/5/2020,60.630001,61.610001,60.349998,61.209999,56.58009,7846500
5/6/2020,63.43,63.490002,60.259998,60.41,55.840603,16386000
5/7/2020,61.360001,61.790001,60.849998,61.450001,56.801937,9783700
5/8/2020,62.16,63.23,61.759998,63.119999,58.345612,7320900
5/11/2020,62.709999,64.080002,62.68,63.84,59.011154,6912100
5/12/2020,64.199997,64.57,63.049999,63.349998,58.558212,10781900
5/13/2020,63.279999,63.5,60.759998,61.150002,56.524616,10931400
5/14/2020,62.310001,62.41,60.34,62.310001,57.596882,8854900
5/15/2020,61.77,63.299999,61.709999,63.189999,58.410313,10420600
5/18/2020,64.470001,64.860001,63.669998,63.73,58.909477,6819400
5/19/2020,63.299999,64.18,62.869999,63.610001,58.79855,5061100
5/20/2020,64.099998,64.330002,62.990002,63.220001,58.438042,7046500
5/21/2020,62.950001,63.93,62.73,63.34,58.548973,5484100
5/22/2020,63.419998,63.490002,62.889999,63.330002,58.539726,3495900
5/26/2020,64.470001,65.599998,64.330002,64.639999,59.750637,7974400
5/27/2020,64.970001,66,63.849998,65.970001,60.980034,7118400
5/28/2020,66.699997,67.730003,66.410004,66.559998,61.525417,6599500
5/29/2020,66.389999,66.699997,64.620003,65.57,60.610287,8977600
6/1/2020,65.440002,65.959999,65.010002,65.639999,60.675003,5187000
6/2/2020,65.639999,67.309998,65.410004,66.839996,61.784237,5463700
6/3/2020,67.139999,67.68,66.239998,66.849998,61.793472,6102400
6/4/2020,66.290001,66.720001,65.949997,66.529999,61.497684,5468900
6/5/2020,67.279999,69.190002,67.129997,68.349998,63.180012,8598400
6/8/2020,68.199997,70.639999,68.160004,70.620003,65.278305,8556300
6/9/2020,69.870003,70.290001,68.980003,69.370003,64.122864,5957100
6/10/2020,69.580002,69.610001,67.379997,67.510002,62.403557,6344400
6/11/2020,66.110001,66.43,62.709999,63.16,58.382584,11927500
6/12/2020,64.769997,65.779999,62.740002,64.150002,59.297699,10345500
6/15/2020,63.029999,63.779999,61.82,63.32,58.530479,9379400
6/16/2020,64.970001,66.190002,63.919998,65.580002,60.619537,10975600
6/17/2020,66,66.139999,64.669998,65,60.083401,7183300
6/18/2020,64.650002,64.970001,63.889999,64.489998,59.611977,5852200
6/19/2020,65.910004,66,64.110001,64.489998,59.611977,21245800
6/22/2020,64.540001,64.730003,63.279999,64.300003,59.436359,6069600
6/23/2020,64.860001,65.260002,64.330002,64.43,59.556522,5260300
6/24/2020,63.810001,64.050003,62.330002,63.18,58.40107,7164400
6/25/2020,62.700001,64.199997,62.419998,64.019997,59.177528,5681400
6/26/2020,63.900002,64.120003,62.720001,63.450001,58.650646,7321900
6/29/2020,64,65.269997,63.869999,64.419998,59.547283,7109100
6/30/2020,64.709999,65.269997,63.959999,64.970001,60.055676,7036100
7/1/2020,64.970001,65.599998,64.489998,64.559998,59.676689,5008000
7/2/2020,65.160004,65.800003,64.559998,64.699997,59.806103,4700700
7/6/2020,65.059998,65.400002,64.540001,64.93,60.018711,5307300
7/7/2020,64.32,64.57,63.639999,63.919998,59.085098,5845900
7/8/2020,63.799999,64.129997,62.43,63.139999,58.364098,9400300
7/9/2020,62.34,62.740002,60.549999,61.279999,56.644783,10172500
7/10/2020,61.400002,62.73,61,62.650002,57.911163,9474700
7/13/2020,62.669998,63.540001,62.369999,62.619999,57.883427,6745100
7/14/2020,62.419998,63.900002,62.200001,63.700001,58.881733,6563300
7/15/2020,63.950001,64.629997,63.490002,64.580002,59.695183,7171100
7/16/2020,64.5,65.360001,64.120003,64.989998,60.074162,5783700
7/17/2020,65.309998,65.629997,65.019997,65.360001,60.416172,5120900
7/20/2020,65.339996,65.470001,63.75,63.91,59.075855,5679800
7/21/2020,63.880001,64.769997,63.549999,64.519997,59.639713,5947600
7/22/2020,64.110001,64.209999,63.130001,63.779999,59.41613,4836000
7/23/2020,63.799999,64.349998,63.529999,63.790001,59.425453,5138300
7/24/2020,64.279999,64.989998,63.009998,63.34,59.006245,6436800
7/27/2020,62.860001,63.060001,62.110001,62.57,58.288929,6993400
7/28/2020,62.419998,63.5,62.23,63.27,58.941032,5593500
7/29/2020,63.459999,64.580002,63.09,64.220001,59.826038,6376000
7/30/2020,63.66,64.150002,63.279999,64,59.621086,4600800
7/31/2020,63.790001,63.900002,62.290001,62.939999,58.63361,9198000
8/3/2020,63.450001,64.169998,63.02,63.860001,59.490658,6130500
8/4/2020,63.740002,65.410004,63.669998,64.980003,60.534042,9482400
8/5/2020,65.540001,65.599998,63.900002,64.400002,59.993717,12890100
8/6/2020,64.550003,65.400002,63.919998,64.120003,59.732876,6644100
8/7/2020,63.790001,64.970001,63.650002,64.959999,60.515396,6115100
8/10/2020,64.900002,65.959999,64.790001,65.709999,61.214085,6516500
8/11/2020,66.300003,67.169998,65.07,65.260002,60.794872,6957500
8/12/2020,65.830002,65.980003,64.610001,64.989998,60.543343,6865100
8/13/2020,64.57,64.970001,64.050003,64.699997,60.273186,6558000
8/14/2020,64.279999,65.68,64.089996,65.669998,61.176819,4920500
8/17/2020,65.849998,65.879997,64.879997,64.900002,60.459503,5603800
8/18/2020,65.010002,65.559998,64.900002,65.18,60.720348,7118700
8/19/2020,65.389999,65.709999,64.989998,65.279999,60.813511,5070000
8/20/2020,64.82,64.93,63.639999,63.720001,59.360249,6035400
8/21/2020,63.700001,64.120003,63.43,63.939999,59.565193,4961700
8/24/2020,64.010002,67.300003,63.419998,63.869999,59.499977,8360100
8/25/2020,64.059998,64.169998,63.189999,63.470001,59.12735,4326100
8/26/2020,63.119999,63.169998,61.889999,62.700001,58.410027,8198800
8/27/2020,62.630001,63.610001,62.27,63.389999,59.052822,5074000
8/28/2020,63.470001,63.630001,62.830002,63.209999,58.885136,5045000
8/31/2020,62.459999,63.060001,62.110001,62.119999,57.869717,8171400
9/1/2020,62.009998,62.040001,59.950001,60.279999,56.155609,12370500
9/2/2020,60.299999,61.32,60.18,60.91,56.742504,15721300
9/3/2020,61.380001,61.990002,60.040001,60.450001,56.31398,8928900
9/4/2020,60.450001,60.799999,59.290001,60.240002,56.118347,8655200
9/8/2020,60.43,60.810001,59.279999,59.529999,55.456921,7801500
9/9/2020,59.689999,60.139999,59.209999,59.529999,55.456921,6259300
9/10/2020,59.439999,59.650002,57.959999,58,54.031609,10105400
9/11/2020,58.130001,58.139999,57.060001,57.400002,53.472664,11597100
9/14/2020,57.630001,58.209999,57.549999,57.970001,54.003666,12955200
9/15/2020,58,58.610001,56.990002,57,53.100025,10139200
9/16/2020,57.200001,57.849998,56.099998,57.48,53.54718,15419400
9/17/2020,57.099998,58.68,56.82,58.41,54.413551,12278700
9/18/2020,58.509998,59.77,57.880001,59.57,55.49419,13532300
9/21/2020,58.849998,59.009998,57.959999,58.869999,54.842079,9784500
9/22/2020,58.810001,59.23,58.09,58.139999,54.162025,6906400
9/23/2020,58.16,58.380001,57.369999,57.400002,53.472664,6726000
9/24/2020,57.18,57.599998,56.349998,56.709999,52.829865,6960900
9/25/2020,56.310001,57.43,56.110001,57.32,53.398136,4911400
9/28/2020,57.599998,58.599998,57.599998,57.939999,53.975708,5304900
9/29/2020,57.950001,57.950001,57.049999,57.540001,53.603085,5779900
9/30/2020,57.639999,59.099998,57.599998,58.400002,54.404243,8156400
10/1/2020,58.43,58.669998,57.360001,57.84,53.882553,7559200
10/2/2020,57.09,58.689999,56.919998,57.830002,53.873238,7143300
10/5/2020,58.259998,58.970001,58.189999,58.950001,54.916607,5168900
10/6/2020,59.110001,59.52,58.16,58.23,54.245869,5708000
10/7/2020,58.599998,59.98,58.560001,59.419998,55.35445,6061400
10/8/2020,59.630001,60.5,59.330002,60.470001,56.332615,4894100
10/9/2020,60.799999,60.799999,59.209999,59.400002,55.335823,5698900
10/12/2020,59.5,60.220001,59.27,59.720001,55.633923,5806900
10/13/2020,59.400002,59.950001,58.950001,59.119999,55.074978,5700200
10/14/2020,58.939999,59.34,58.439999,58.509998,54.50671,6191700
10/15/2020,58.080002,59.330002,57.91,59.32,55.261295,8205000
10/16/2020,59.369999,59.860001,58.900002,59.59,55.512814,6816100
10/19/2020,60.060001,60.439999,58.709999,58.779999,54.758244,6983900
10/20/2020,59.040001,59.869999,58.459999,59.43,55.363766,7590600
10/21/2020,58.619999,59.619999,58.610001,59.23,55.645615,5385300
10/22/2020,59.139999,59.529999,58.619999,59.48,55.880482,5722500
10/23/2020,59.779999,60.599998,59.689999,60.25,56.603893,6810100
10/26/2020,59.91,59.98,58.669998,59.560001,55.955643,7551500
10/27/2020,59.119999,59.259998,58.110001,58.150002,54.63097,5415000
10/28/2020,57.360001,57.939999,56.439999,56.57,53.146587,10660200
10/29/2020,56.459999,56.669998,55.360001,55.93,52.545311,9757900
10/30/2020,55.93,56.310001,55.400002,56.09,52.695633,8663100
11/2/2020,56.869999,58.23,56.189999,58.080002,54.565212,9437900
11/3/2020,58.459999,60.080002,58.400002,59.450001,55.852299,7153900
11/4/2020,61.25,61.959999,60.23,60.369999,56.716621,11190800
11/5/2020,61.360001,62.610001,61.029999,61.41,57.693687,10069400
11/6/2020,63.049999,67.330002,63.02,64.949997,61.019463,24526900
11/9/2020,69,69.629997,65.779999,67.529999,63.443329,15696400
11/10/2020,68.449997,70.650002,68,70.230003,65.979935,15038800
11/11/2020,70.099998,71.010002,69.449997,69.510002,65.303497,9628000
11/12/2020,69,69.900002,68.440002,69.389999,65.190765,6066400
11/13/2020,69.709999,71.18,69.080002,71,66.703323,6722000
11/16/2020,73.589996,74.059998,72.470001,73.470001,69.023857,13265600
11/17/2020,68.25,68.720001,66.650002,67.139999,63.076927,34429700
11/18/2020,67.5,68.269997,66.290001,66.349998,62.334732,11674600
11/19/2020,66.019997,66.489998,65.18,66.059998,62.062283,11656400
11/20/2020,65.900002,66.870003,65.82,66.389999,62.372326,8822500
11/23/2020,66.870003,67.480003,66.400002,66.779999,62.738705,5889100
11/24/2020,67.260002,68.830002,66.730003,68.43,64.288864,8312200
11/25/2020,68.330002,68.400002,67.080002,67.629997,63.537266,6789100
11/27/2020,67.709999,68.160004,67.480003,67.870003,63.762756,2803700
11/30/2020,67.809998,68.089996,67.199997,67.790001,63.687576,8242600
12/1/2020,68.389999,69.330002,67.360001,67.540001,63.452721,8233200
12/2/2020,67.550003,70.290001,67.449997,69.629997,65.416229,8138500
12/3/2020,69.709999,72.629997,69.230003,72.519997,68.131355,13270200
12/4/2020,72.720001,74.519997,72.57,74.5,69.991516,11964700
12/7/2020,74.230003,74.639999,72.43,73.629997,69.174171,6868000
12/8/2020,72.730003,73.940002,72.620003,73.860001,69.390259,6044200
12/9/2020,74.379997,74.440002,72.860001,73.529999,69.080231,6825900
12/10/2020,72.769997,73.160004,72.080002,72.209999,67.840103,6003100
12/11/2020,72,72.110001,70.650002,71.580002,67.248238,6515800
12/14/2020,72.309998,72.330002,69.68,69.720001,65.500786,7157600
12/15/2020,70.080002,70.190002,68.800003,69.889999,65.660507,7808700
12/16/2020,69.150002,69.629997,68.349998,69.32,65.125015,7380700
12/17/2020,69.449997,69.889999,68.690002,69.589996,65.378654,7497600
12/18/2020,69.739998,69.790001,68.82,69.550003,65.341095,12530500
12/21/2020,68.699997,68.959999,67.959999,68.709999,64.55191,6988400
12/22/2020,68.43,68.550003,67.059998,67.220001,63.152088,5685000
12/23/2020,67.529999,68.480003,67.489998,68.010002,63.894291,4924100
12/24/2020,68.169998,68.169998,67.489998,67.970001,63.856709,2117600
12/28/2020,68.239998,68.989998,67.720001,68.080002,63.960033,4818200
12/29/2020,68.400002,69.309998,67.720001,67.900002,63.790936,4389800
12/30/2020,68.080002,68.089996,67.43,67.75,63.650009,4967300
12/31/2020,67.699997,68.410004,67.080002,68.300003,64.16674,5386900
1/4/2021,68.68,70.290001,68.129997,69.989998,65.754448,11367200
1/5/2021,70.330002,71.019997,69.379997,70.459999,66.196014,8012200
1/6/2021,70,73.029999,69.949997,72.559998,68.168922,10142400
1/7/2021,73.050003,74.419998,72.279999,73.989998,69.51239,7962300
1/8/2021,75,76.330002,74.419998,74.860001,70.32975,11254700
1/11/2021,74.25,76.480003,74.25,76.07,71.466499,6675000
1/12/2021,76.040001,77.230003,75.540001,76.260002,71.645027,5641300
1/13/2021,75.949997,76.120003,74.519997,74.919998,70.386108,6223800
1/14/2021,75,75.68,74.339996,75.050003,70.50824,5088100
1/15/2021,75.019997,76.449997,74.849998,76.260002,71.645027,8110300
1/19/2021,77,77,75.309998,75.400002,70.837067,5919000
1/20/2021,75.419998,75.459999,74.589996,75.25,70.696144,4764400
1/21/2021,74.699997,74.860001,73.540001,74.080002,70.062477,5029500
1/22/2021,73.730003,74.300003,73.019997,74.120003,70.100311,4183600
1/25/2021,73.5,73.529999,72.160004,73.209999,69.23967,7554800
1/26/2021,73.370003,74.379997,73.279999,74.230003,70.204338,4667600
1/27/2021,73.529999,74.190002,72.190002,72.419998,68.492508,6279800
1/28/2021,72.440002,73.790001,72.220001,72.610001,68.672195,5020000
1/29/2021,72.519997,73.300003,71.040001,71.650002,67.764267,6469500
2/1/2021,72.080002,72.470001,71.339996,71.459999,67.584557,5207100
2/2/2021,71.699997,72.650002,71.199997,71.830002,67.934502,5543900
2/3/2021,71.739998,73.669998,71.339996,73.239998,69.268028,6128200
2/4/2021,73.400002,74.040001,72.790001,73,69.041046,8117500
2/5/2021,73.230003,73.360001,71.93,72.18,68.265526,6421800
2/8/2021,72.470001,72.989998,72.169998,72.980003,69.022133,5826900
2/9/2021,73.239998,74.139999,72.849998,73.489998,69.504471,8100200
2/10/2021,73.949997,74.160004,72.809998,73.830002,69.826042,4752800
2/11/2021,74,74.080002,72.919998,73.599998,69.608498,4725500
2/12/2021,73.57,74.559998,73.540001,74.209999,70.185432,5870600
2/16/2021,75.269997,75.389999,70.190002,70.529999,66.705009,18932600
2/17/2021,70.25,72.849998,70.120003,72.709999,68.766769,13280300
2/18/2021,72.650002,72.970001,71.32,71.519997,67.641304,7328800
2/19/2021,71.400002,71.419998,70.290001,70.419998,66.60096,6530800
2/22/2021,70.300003,70.639999,69.370003,70.480003,66.657722,6054900
2/23/2021,69.720001,70.800003,69.459999,69.639999,65.863266,8150600
2/24/2021,69.889999,70.540001,69.389999,70.400002,66.582054,5826100
2/25/2021,69.980003,70.650002,69.160004,69.330002,65.570084,5243400
2/26/2021,69.269997,69.330002,68.019997,68.129997,64.435143,10227500
3/1/2021,68.419998,69.57,68.260002,69.279999,65.522789,5656500
3/2/2021,69.489998,69.639999,68.870003,68.940002,65.201241,5251800
3/3/2021,68.970001,69.510002,68.279999,69.029999,65.286354,6192100
3/4/2021,68.959999,70.040001,68.419998,69.169998,65.418755,7396700
3/5/2021,69.400002,70.949997,69.160004,70.629997,66.799583,8295600
3/8/2021,71.290001,72.540001,70.779999,71.730003,67.839928,9007400
3/9/2021,72.349998,73.050003,71.18,71.230003,67.367035,8697300
3/10/2021,71.709999,73.089996,71.129997,72.699997,68.757317,7402200
3/11/2021,72.949997,73.43,72.32,72.349998,68.426292,5536100
3/12/2021,72.690002,74.050003,72.5,73.919998,69.911156,6286700
3/15/2021,73.889999,75.209999,73.580002,74.970001,70.904213,7139500
3/16/2021,75,75.25,74.150002,75.07,70.998787,5756300
3/17/2021,73.739998,74.389999,72.879997,74.010002,69.996277,7926700
3/18/2021,74.010002,75.290001,73.809998,74.480003,70.440788,6860600
3/19/2021,74.5,74.650002,73.169998,73.18,69.211281,10427000
3/22/2021,72.919998,73.57,72.349998,73.470001,69.48555,6819600
3/23/2021,73.110001,73.440002,71.800003,71.900002,68.000694,7192300
3/24/2021,72.120003,74.300003,71.699997,73.209999,69.23967,7555500
3/25/2021,73.25,74.25,72.290001,74.07,70.053017,5506800
3/26/2021,74.360001,76,74.120003,75.959999,71.840523,9051200
3/29/2021,75.699997,76.870003,75.510002,76.300003,72.162086,6135800
3/30/2021,76.169998,76.809998,75.730003,76.080002,71.95401,5733000
3/31/2021,75.959999,76.169998,75.199997,75.230003,71.150101,6320500
4/1/2021,75.230003,75.300003,73.910004,74.300003,70.270554,6965300
4/5/2021,74.169998,75.400002,74.129997,75.040001,70.970413,6063800
4/6/2021,75.18,75.18,74.379997,74.620003,70.573189,6746500
4/7/2021,74.870003,74.919998,74.139999,74.489998,70.450241,5137400
4/8/2021,74.300003,74.360001,73.610001,73.790001,69.7882,5180100
4/9/2021,74,74.199997,73.589996,74.07,70.053017,4662700
4/12/2021,74.330002,74.93,74.25,74.459999,70.42186,4233400
4/13/2021,74.059998,74.349998,73.300003,74.019997,70.005714,3934100
4/14/2021,74,75.18,73.980003,75.080002,71.00824,3968700
4/15/2021,75.260002,76,74.639999,75.779999,71.67028,5037700
4/16/2021,76.150002,76.199997,75.559998,75.879997,71.764847,8513900
4/19/2021,76.18,76.720001,75.410004,75.75,71.641907,6666900
4/20/2021,75.730003,76.199997,75.339996,75.910004,71.793236,7660800
4/21/2021,76.220001,77.440002,76.150002,76.699997,72.54039,6222800
4/22/2021,76.309998,76.440002,75.239998,76.18,72.521347,5641900
4/23/2021,75.93,76.419998,75.269997,76.050003,72.397591,4196800
4/26/2021,76.199997,76.300003,75.599998,75.75,72.111984,5617600
4/27/2021,75.480003,75.699997,74.970001,75.110001,71.502731,3766500
4/28/2021,75.410004,75.93,75.220001,75.400002,71.778809,3581200
4/29/2021,75.790001,76.489998,75.669998,76.370003,72.702232,5086300
4/30/2021,76.440002,77.129997,76.230003,76.400002,72.730789,6153400
5/3/2021,77,78.220001,76.699997,77.690002,73.958832,9558600
5/4/2021,79,81.349998,78.75,81.120003,77.224098,19634100
5/5/2021,81.5,83.300003,80.419998,83.040001,79.051888,15365700
5/6/2021,82.639999,83.75,81.760002,83.699997,79.680183,9412600
5/7/2021,83.919998,85.349998,83.709999,85.110001,81.022469,8206300
5/10/2021,85.610001,87.18,85.43,85.849998,81.726913,7926700
5/11/2021,85.529999,86.010002,84.050003,84.370003,80.318008,7935100
5/12/2021,84.610001,85.330002,83.239998,83.379997,79.375549,6437300
5/13/2021,83.610001,84.790001,83.120003,84.269997,80.222809,4612100
5/14/2021,84.629997,84.739998,84.010002,84.330002,80.279938,5738800
5/17/2021,84.110001,85.199997,84.110001,84.559998,80.498878,4472900
5/18/2021,86.470001,88.650002,85.970001,88.610001,84.354378,17674500
5/19/2021,88.5,90.089996,87.669998,89.209999,84.925568,20077300
5/20/2021,89.220001,89.800003,88.360001,89.07,84.792282,9058700
5/21/2021,89.290001,90.199997,89.110001,89.809998,85.496758,8361500
5/24/2021,90.059998,90.610001,89.639999,89.709999,85.401558,5639700
5/25/2021,89.709999,89.82,88.620003,88.699997,84.440056,5894700
5/26/2021,88.650002,88.900002,85.269997,87.32,83.12632,14402300
5/27/2021,87.779999,88.080002,86.120003,86.419998,82.269554,8985300
5/28/2021,86.68,87.300003,86.379997,86.440002,82.288597,6810000
6/1/2021,86.5,86.57,85.269997,85.870003,81.745979,6109800
6/2/2021,86.32,86.480003,85.709999,85.989998,81.860214,4105000
6/3/2021,85.989998,87.300003,85.660004,87.059998,82.87883,4679900
6/4/2021,87.059998,87.110001,86.199997,86.470001,82.317169,4606700
6/7/2021,86.650002,87.129997,86.190002,86.330002,82.183884,3952400
6/8/2021,86.059998,86.120003,85.129997,85.809998,81.688843,4270300
6/9/2021,85.769997,86.25,84.830002,84.949997,80.870148,5782500
6/10/2021,85.510002,86.059998,85.290001,85.5,81.393738,4690400
6/11/2021,85.849998,86.129997,85.239998,85.470001,81.365181,2697900
6/14/2021,85.169998,85.190002,83.559998,84.620003,80.556015,5089600
6/15/2021,85.160004,86.110001,84.480003,85.400002,81.298546,5473300
6/16/2021,85.5,86.139999,84.660004,84.739998,80.670235,5721300
6/17/2021,85.050003,85.089996,83.669998,84.230003,80.184746,4943100
6/18/2021,83.519997,83.690002,82.330002,82.400002,78.442619,8800800
6/21/2021,82.610001,84.230003,82.440002,84.019997,79.984818,4531800
6/22/2021,84.019997,84.360001,83.580002,83.809998,79.784897,3550400
6/23/2021,83.790001,84.230003,83.260002,83.730003,79.708748,3396300
6/24/2021,83.900002,83.989998,82.809998,83.769997,79.746834,4867000
6/25/2021,84,84.75,83.779999,84.080002,80.041939,3743900
6/28/2021,83.669998,84.230003,83.110001,84.120003,80.080025,4194700
6/29/2021,84.620003,85.129997,83.410004,83.489998,79.480263,4926800
6/30/2021,83.260002,83.68,82.839996,83.440002,79.432678,5038900
7/1/2021,83.709999,83.730003,81.959999,82.220001,78.271271,9737600
7/2/2021,82.160004,82.720001,81.459999,82.43,78.471184,5591400
7/6/2021,82.129997,82.129997,80.25,81.18,77.281212,6544400
7/7/2021,80.959999,82.379997,80.440002,81.339996,77.433533,6878900
7/8/2021,80.589996,80.870003,79.779999,80.220001,76.367332,5417000
7/9/2021,80.910004,81.68,80.870003,81.32,77.414505,3471900
7/12/2021,80.889999,82.110001,80.43,81.82,77.89048,4014200
7/13/2021,82.010002,82.339996,81.519997,81.660004,77.738159,3083400
7/14/2021,81.949997,82.690002,81.559998,82.419998,78.46167,6308200
7/15/2021,81.760002,82.370003,81.510002,82.07,78.128471,3622600
7/16/2021,82.18,82.510002,81.43,81.720001,77.795273,5462600
7/19/2021,81.120003,81.550003,79.559998,80.669998,76.7957,5135300
7/20/2021,80.889999,82.889999,80.800003,81.800003,77.871445,6382500
7/21/2021,82.440002,83.230003,82.050003,83.059998,79.070923,6804500
7/22/2021,82.709999,82.82,81.93,82.629997,79.137962,4675000
7/23/2021,83,83.629997,82.790001,83.269997,79.750923,4090800
7/26/2021,83.43,84.279999,82.720001,82.870003,79.367836,4784100
7/27/2021,82.550003,83.699997,82.309998,83.639999,80.105286,4298000
7/28/2021,83.629997,83.730003,82.5,83.300003,79.779655,3281900
7/29/2021,83.989998,84.150002,82.800003,83.059998,79.549805,4284700
7/30/2021,82.959999,83.470001,82.129997,82.360001,78.879387,5996300
8/2/2021,82.360001,82.919998,82.019997,82.410004,78.927277,4679000
8/3/2021,82.760002,84.169998,81.639999,84,80.450066,7620300
8/4/2021,80.25,83.199997,80.010002,81.550003,78.103607,14338400
8/5/2021,81.360001,81.75,79.330002,80.050003,76.667007,11322500
8/6/2021,80.519997,81.730003,80.150002,81.25,77.816284,7020900
8/9/2021,81.199997,81.919998,80.82,81.650002,78.199387,4570300
8/10/2021,81.650002,83.309998,81.230003,83.239998,79.722191,5908400
8/11/2021,83.559998,85.150002,83.559998,84.949997,81.359917,7758200
8/12/2021,85.209999,85.5,84.199997,85.139999,81.541893,6540500
8/13/2021,85.25,85.489998,84.230003,84.360001,80.794853,3659700
8/16/2021,84.269997,85.5,83.870003,85.389999,81.781326,4502400
8/17/2021,85.120003,86.730003,85.050003,86.470001,82.815681,6132600
8/18/2021,86.290001,86.529999,84.529999,84.589996,81.015144,4501600
8/19/2021,83.959999,84.93,83.529999,84.230003,80.670357,5192200
8/20/2021,84.099998,84.970001,83.739998,84.849998,81.264145,3992700
8/23/2021,85.389999,85.839996,84.510002,84.599998,81.024712,3708400
8/24/2021,84.489998,84.510002,83.779999,83.809998,80.268097,3269900
8/25/2021,83.580002,84.190002,82.959999,83.57,80.038246,3158500
8/26/2021,83.790001,83.790001,82.489998,83.029999,79.521065,3914400
8/27/2021,83.32,83.779999,83.040001,83.709999,80.172318,3903100
8/30/2021,83.940002,84.690002,83.410004,84.599998,81.024712,5480000
8/31/2021,84.769997,86.879997,84.610001,86.389999,82.739067,8277300
9/1/2021,86.099998,86.209999,83.889999,85.709999,82.087799,6689100
9/2/2021,85.75,87.5,85.730003,86.959999,83.284973,5223300
9/3/2021,87.110001,87.790001,86.629997,87.470001,83.77343,4936900
9/7/2021,87.199997,87.400002,85.860001,86.580002,82.921043,4626200
9/8/2021,86.339996,86.620003,85.290001,86.220001,82.576248,3553200
9/9/2021,85.919998,86.040001,85.209999,85.410004,81.800476,4076300
9/10/2021,85.800003,85.809998,83.360001,83.790001,80.24894,6454400
9/13/2021,84.139999,85.190002,84.019997,84.510002,80.938515,4495200
9/14/2021,85.050003,85.07,83.68,83.889999,80.344727,3882400
9/15/2021,83.860001,85.980003,83.660004,85.540001,81.92498,6352400
9/16/2021,85.980003,86.330002,84.57,85.349998,81.743027,4169200
9/17/2021,84.989998,85.830002,84.839996,85.510002,81.896263,8731800
9/20/2021,84.629997,85.449997,83.57,84.580002,81.005562,5337000
9/21/2021,84.949997,85.620003,83.839996,83.93,80.383026,5052900
9/22/2021,84.519997,84.889999,83.809998,83.860001,80.315994,3919200
9/23/2021,84.139999,85.620003,83.870003,84.860001,81.273727,3875700
9/24/2021,84.989998,85.339996,84.5,84.709999,81.130058,2888300
9/27/2021,84.510002,86.440002,84.510002,85.739998,82.116539,5255100
9/28/2021,85.650002,86.339996,85.239998,85.660004,82.039917,6257800
9/29/2021,85.529999,87.25,85.440002,86.790001,83.122162,4827000
9/30/2021,87.099998,87.529999,84.790001,84.860001,81.273727,6024800
10/1/2021,84.800003,84.910004,82.360001,84.07,80.517105,6888400
10/4/2021,84,85.470001,83.110001,83.809998,80.268097,4768000
10/5/2021,83.970001,84.889999,83.480003,83.639999,80.105286,4848600
10/6/2021,83,83.449997,81.779999,83.150002,79.635986,5205100
10/7/2021,83.360001,84.660004,83.360001,84.199997,80.641609,4262000
10/8/2021,84.5,84.739998,83.860001,84.370003,80.804443,2990600
10/11/2021,84.620003,85.32,84.029999,84.279999,80.718239,3283400
10/12/2021,84.269997,84.669998,83.559998,83.790001,80.24894,2916200
10/13/2021,83.580002,83.610001,82.199997,83.160004,79.645584,4261900
10/14/2021,84.339996,85.449997,82.919998,84.559998,80.986404,7284600
10/15/2021,85.029999,86.290001,84.940002,85.839996,82.212303,5449000
10/18/2021,85.75,85.75,84.120003,84.480003,80.90979,4822100
10/19/2021,84.970001,85.309998,84.620003,84.889999,81.302467,3833000
10/20/2021,85.099998,86.830002,85,86.550003,82.892296,5023300
10/21/2021,85.839996,86.889999,85.709999,86.860001,83.672585,5347200
10/22/2021,86.480003,87.589996,86.239998,87.519997,84.308357,5035900
10/25/2021,87.720001,88,87.019997,87.68,84.462502,5774100
10/26/2021,87.989998,88.639999,86.589996,88.32,85.079002,6215300
10/27/2021,88.529999,88.779999,87.699997,88.089996,84.857445,5211500
10/28/2021,88.400002,88.839996,87.900002,88.620003,85.367996,4394600
10/29/2021,88.269997,89.529999,88.059998,89.279999,86.003777,5335600
11/1/2021,89.769997,91.120003,89.580002,90.650002,87.323502,7682500
11/2/2021,90.919998,91.449997,90.18,91.150002,87.805161,6950900
11/3/2021,92.510002,96.57,92.199997,96.339996,92.804703,16938000
11/4/2021,96.279999,96.300003,94.040001,94.489998,91.022591,7417800
11/5/2021,94.68,95.879997,93,93.779999,90.338638,7437300
11/8/2021,94,94.589996,93.419998,93.760002,90.319397,3982100
11/9/2021,93.879997,93.970001,92.559998,92.760002,89.356087,4446700
11/10/2021,93.290001,94.400002,92.419998,92.959999,89.548737,4966600
11/11/2021,92.68,94.529999,92.540001,94.209999,90.752869,4273000
11/12/2021,94.580002,95.339996,93.349998,94.019997,90.569839,3792500
11/15/2021,94.110001,94.300003,93.43,93.489998,90.05928,3602100
11/16/2021,93.93,94.169998,92.82,92.889999,89.4813,4038600
11/17/2021,92.629997,93.059998,92.080002,92.730003,89.327179,3878200
11/18/2021,93.059998,95.68,92.739998,95.339996,91.8414,8619700
11/19/2021,95.059998,95.059998,92.32,93.160004,89.741402,6446000
11/22/2021,93.099998,94.459999,92.949997,92.989998,89.577637,4334600
11/23/2021,93.110001,94.449997,92.199997,93.639999,90.203781,6625500
11/24/2021,93.269997,93.839996,92.220001,92.650002,89.250114,6109400
11/26/2021,91.470001,92.25,90.900002,91.519997,88.161575,4241000
11/29/2021,91.989998,92.720001,91.089996,92.019997,88.643227,5215600
11/30/2021,91.269997,91.660004,88.910004,89.059998,85.791847,9051700
12/1/2021,90.18,91.059998,88.769997,88.779999,85.522118,6223500
12/2/2021,89.129997,91.18,88.809998,89.989998,86.687721,5992700
12/3/2021,90.639999,91.589996,90.110001,90.870003,87.535439,5660200
12/6/2021,91.629997,93.440002,91.589996,92.650002,89.250114,6039400
12/7/2021,93.010002,93.449997,92.639999,92.93,89.519844,3965700
12/8/2021,93.330002,94.290001,92.489998,93.099998,89.683594,5767900
12/9/2021,94.849998,97.769997,94.190002,97.309998,93.739105,14096800
12/10/2021,97.699997,99.129997,97.050003,98.860001,95.232231,9217300
12/13/2021,98.980003,99.330002,97.919998,98.900002,95.270752,4986100
12/14/2021,99.470001,100.970001,98.629997,98.779999,95.155167,6282700
12/15/2021,98.779999,100.639999,98.339996,100.550003,96.860214,7052700
12/16/2021,100.519997,102.220001,100.239998,101.220001,97.505623,7360800
12/17/2021,101.379997,101.639999,99.290001,100.360001,96.677177,9409800
12/20/2021,99.910004,100.470001,98.639999,100.32,96.638657,5233100
12/21/2021,100.790001,101.440002,100.419998,100.790001,97.091408,5040000
12/22/2021,100.760002,101.32,100.029999,100.900002,97.197365,4318200
12/23/2021,101.07,101.870003,101.07,101.309998,97.592323,3111000
12/27/2021,101.760002,102.419998,101.559998,102.400002,98.642326,2596600
12/28/2021,102.5,103.25,102.360001,102.769997,98.998749,2732400
12/29/2021,103.099998,103.839996,103.029999,103.699997,99.894623,2782500
12/30/2021,103.989998,104.559998,103.449997,103.68,99.875343,2484500
12/31/2021,103.480003,103.760002,103.129997,103.160004,99.374435,3251600
1/3/2022,102.809998,104.339996,102.300003,104.160004,100.337746,4951000
1/4/2022,104.449997,105.440002,103.800003,104.290001,100.462967,6089800
1/5/2022,104.32,106.5,104.32,105.809998,101.927193,6957500
1/6/2022,105.370003,105.739998,102.410004,102.589996,98.825348,9847600
1/7/2022,102.449997,104.790001,101.330002,104.190002,100.366638,6862200
1/10/2022,104.209999,105.220001,103.190002,105.059998,101.204712,6105500
1/11/2022,106.07,107.260002,105.260002,106.040001,102.14875,8694200
1/12/2022,105.470001,106.449997,105.089996,105.779999,101.898293,4933700
1/13/2022,105.25,105.970001,104.18,105.339996,101.474434,6511000
1/14/2022,105.709999,106.470001,105.029999,106.220001,102.322144,6706700
1/18/2022,105.800003,106.139999,104.019997,104.510002,100.674896,8109300
1/19/2022,104.949997,105.760002,103.419998,103.449997,99.653786,7286600
1/20/2022,102.660004,103.889999,102.239998,102.389999,99.159889,6694700
1/21/2022,102.93,103.419998,101,101.559998,98.356064,7822800
1/24/2022,100.900002,104.07,99.690002,103.510002,100.244545,13768700
1/25/2022,102.470001,103.410004,100.900002,103.099998,99.847488,7472300
1/26/2022,103.599998,105.32,103.239998,104.860001,101.551971,10827900
1/27/2022,105.379997,107.610001,105,106.790001,103.421066,12385100
1/28/2022,106.68,109.339996,106.160004,109.269997,105.82283,10339500
1/31/2022,108.220001,108.5,105.43,106.510002,103.149918,8540100
2/1/2022,106.269997,107.18,105.209999,106.269997,102.917473,7040200
2/2/2022,105.82,109.07,105.629997,108.900002,105.464508,8771800
2/3/2022,109.949997,110.150002,108.220001,108.720001,105.290192,6612800
2/4/2022,107.580002,109.519997,107.150002,108.489998,105.067444,5473000
2/7/2022,108.989998,109.82,107.910004,109.410004,105.95842,5450500
2/8/2022,108.889999,111.25,108.879997,110.830002,107.333626,7793400
2/9/2022,106.459999,108.269997,104.120003,104.790001,101.484161,15269800
2/10/2022,104.599998,106.639999,104.459999,105.32,101.997444,8605700
2/11/2022,105.489998,106.139999,104.080002,104.239998,100.951508,5923100
2/14/2022,104.07,104.150002,102.029999,103,99.750633,7663400
2/15/2022,103.860001,104.519997,102.529999,102.970001,99.721581,4441300
2/16/2022,103.050003,104.239998,102.830002,103.940002,100.660988,5623900
2/17/2022,103.650002,103.940002,102.059998,102.300003,99.072723,4635600
2/18/2022,102.550003,102.989998,101.220001,102.129997,98.908081,4850700
2/22/2022,102.160004,102.779999,101.029999,101.919998,98.704704,4776700
2/23/2022,102.540001,103.480003,101.970001,102.239998,99.01461,4947700
2/24/2022,100.260002,100.949997,98.459999,100.769997,97.590973,7055300
2/25/2022,101.400002,104.860001,101.190002,104.300003,101.009636,6573400
2/28/2022,101.290001,103.730003,101.290001,103.650002,100.380142,6678100
3/1/2022,103.209999,103.5,100.959999,102.050003,98.830612,5642900
3/2/2022,103.010002,105.029999,101.949997,104.43,101.135521,5031700
3/3/2022,104.489998,105.709999,103.480003,104.540001,101.242058,5741900
3/4/2022,102.709999,105.279999,102.07,105.190002,101.871552,5347300
3/7/2022,104.489998,106.809998,103.739998,104.559998,101.261421,6424200
3/8/2022,105.07,105.870003,102.25,102.360001,99.130829,6801100
3/9/2022,104.540001,104.93,102.370003,103.599998,100.331711,4936900
3/10/2022,103.099998,104.260002,102.57,104.080002,100.796562,3595000
3/11/2022,104.169998,105.18,103.389999,103.470001,100.205811,4799000
3/14/2022,103.93,104.589996,101.089996,104.489998,101.193626,5750300
3/15/2022,105,107.449997,104.589996,106.980003,103.60508,6845100
3/16/2022,107,107.32,105.5,107.110001,103.73098,5183000
3/17/2022,106.650002,108.639999,105.720001,108.559998,105.135231,5583100
3/18/2022,108.5,108.620003,106.550003,107.300003,103.914978,7129700
3/21/2022,107.779999,109.690002,106.870003,107.389999,104.002144,4673800
3/22/2022,108,108.199997,106.330002,107.230003,103.847198,3305700
3/23/2022,107.480003,107.769997,106.150002,106.199997,102.849686,3182400
3/24/2022,106.400002,108.07,106.059998,108.050003,104.641335,3618100
3/25/2022,107.75,108.870003,107.339996,108.559998,105.135231,3788800
3/28/2022,108,108.25,106.919998,108.040001,104.631645,3774400
3/29/2022,106.790001,107.290001,103.910004,104.68,101.37764,8510700
3/30/2022,104.099998,105.360001,102.32,103.550003,100.283302,7971600
3/31/2022,102,102.769997,101.18,101.209999,98.017105,8521100
4/1/2022,101.209999,102.190002,100.300003,101.089996,97.900887,6344300
4/4/2022,100.489998,100.540001,98.660004,100,96.845276,6951500
4/5/2022,99.339996,101.279999,99.18,99.459999,96.322319,7124900
4/6/2022,99.970001,102.290001,99.690002,102.059998,98.840294,6590200
4/7/2022,101.959999,103.989998,101.269997,103.610001,100.341393,5731600
4/8/2022,104.400002,107.519997,103.559998,106.610001,103.246758,7756100
4/11/2022,106.360001,107.730003,104.169998,104.449997,101.154892,6368600
4/12/2022,104.400002,105.029999,103.760002,104.639999,101.338898,4127900
4/13/2022,104.400002,105.800003,103.199997,104.980003,101.668175,3768300
4/14/2022,105.309998,105.75,103.610001,103.68,100.409187,5134800
4/18/2022,103.379997,104.489998,102.980003,103.419998,100.157387,3003400
4/19/2022,103.599998,104.410004,102.949997,103.860001,100.583511,3615300
4/20/2022,104.900002,107.599998,104.580002,106.639999,103.275803,5629800
4/21/2022,106.099998,106.400002,104.870003,105.18,102.389946,3386100
4/22/2022,104.269997,104.309998,101.57,101.68,98.982788,5779200
4/25/2022,101.839996,102.389999,99.209999,101.769997,99.070396,4957500
4/26/2022,101.110001,102.910004,101.040001,101.43,98.739418,3929000
4/27/2022,101.209999,102.330002,99.739998,100.849998,98.174805,4730800
4/28/2022,101.739998,102.599998,100.370003,100.849998,98.174805,5907500
4/29/2022,100.279999,100.440002,95.889999,96.129997,93.580009,8778300
5/2/2022,96.449997,97.32,95.019997,96.5,93.940193,6520200
5/3/2022,97.110001,97.730003,95.93,95.980003,93.433998,5894400
5/4/2022,96.779999,101.209999,95.529999,100.57,97.902229,9361200
5/5/2022,100.610001,100.610001,96.5,97.730003,95.137573,8236300
5/6/2022,97.309998,100.93,97.190002,100.690002,98.019058,8220400
5/9/2022,99.580002,100.150002,98.370003,98.860001,96.237595,7147000
5/10/2022,99.410004,100.099998,97.720001,98.160004,95.55616,5221800
5/11/2022,98.239998,99.870003,97.879997,97.989998,95.390671,4667200
5/12/2022,97.440002,98.260002,96.290001,98.25,95.643768,4919400
5/13/2022,98.410004,98.620003,96.580002,97.480003,94.894203,4502300
5/16/2022,98,99.349998,97.080002,98.550003,95.935822,3438600
5/17/2022,98.889999,99.529999,97.919998,99.379997,96.743797,4160200
5/18/2022,98.43,98.43,92.93,94.019997,91.525978,8246800
5/19/2022,93.029999,93.68,91.470001,93.139999,90.669319,7000000
5/20/2022,93.279999,95.230003,92.739998,94.93,92.411842,5194200
5/23/2022,96,97.07,94.980003,95.57,93.034866,6136200
5/24/2022,96.099998,97.010002,94.790001,96.449997,93.89151,3959200
5/25/2022,97.050003,98.040001,96.529999,97.150002,94.572945,3603600
5/26/2022,97.839996,98.870003,97.629997,97.800003,95.205711,4779100
5/27/2022,96.449997,98.099998,95.760002,98.050003,95.449081,4318000
5/31/2022,97.5,98.160004,96.419998,96.75,94.183563,9286800
6/1/2022,97.379997,97.769997,95.169998,96.540001,93.979134,4410400
6/2/2022,96.620003,97.279999,94.529999,97.230003,94.650841,4175600
6/3/2022,96.919998,97.139999,94.709999,94.900002,92.382637,4312700
6/6/2022,95.309998,96.309998,94.610001,95.720001,93.180885,3925100
6/7/2022,94.669998,96.139999,94.209999,95.919998,93.375587,4852400
6/8/2022,95.269997,95.290001,93.5,93.879997,91.389694,3778300
6/9/2022,93.830002,94.669998,92.720001,92.739998,90.279938,4153500
6/10/2022,91.519997,94.010002,91.349998,93.169998,90.698524,4488600
6/13/2022,91.68,92.889999,90.440002,90.889999,88.479012,4756900
6/14/2022,91.099998,91.949997,89.949997,90.639999,88.235641,4789100
6/15/2022,90.910004,92.239998,90.139999,91.449997,89.024155,4177100
6/16/2022,90.040001,90.599998,89.089996,89.849998,87.466591,5914400
6/17/2022,90.25,91.080002,88.419998,88.660004,86.308167,8393800
6/21/2022,90.440002,91.739998,89.389999,91.080002,88.663971,4998500
6/22/2022,90.620003,92.879997,90.300003,91.290001,88.868393,4658600
6/23/2022,91.519997,92.970001,91.309998,92.370003,89.919746,4665400
6/24/2022,93.040001,94.779999,92.309998,94.519997,92.012718,6106200
6/27/2022,94.5,94.989998,94.099998,94.540001,92.032181,4687200
6/28/2022,94.93,95.949997,92.940002,93.199997,90.72773,4900100
6/29/2022,93.489998,94.25,93.110001,93.349998,90.873756,3562400
6/30/2022,92.779999,93.360001,92,92.660004,90.202057,6336200
7/1/2022,92.809998,94.099998,91.550003,93.940002,91.448105,5215100
7/5/2022,92.809998,93.199997,90.580002,92.529999,90.0755,4763700
7/6/2022,92.309998,93.82,92.25,93.190002,90.718002,3146100
7/7/2022,93.669998,94.459999,93.309998,93.730003,91.243675,3536400
7/8/2022,93.68,95.410004,93.599998,94.18,91.681732,3465000
7/11/2022,93.709999,95.360001,93.709999,94.709999,92.197678,3255900
7/12/2022,94.410004,96.339996,94.260002,94.980003,92.460518,5602000
7/13/2022,94.139999,94.889999,93.07,93.449997,90.9711,3840400
7/14/2022,91.620003,92.980003,90.989998,92.830002,90.367554,3715500
7/15/2022,94.309998,95.82,93.690002,95.370003,92.840172,4310800
7/18/2022,95.68,95.68,93.989998,94.290001,91.788826,4894700
7/19/2022,95.379997,97.129997,95.209999,96.790001,94.222504,6729500
7/20/2022,96.400002,96.510002,94.349998,95.150002,92.626007,4152500
7/21/2022,92.519997,93.459999,92,93.190002,91.24543,6982200
7/22/2022,94.129997,94.43,93.190002,94.059998,92.097267,4484600
7/25/2022,94.279999,95.720001,94.139999,94.489998,92.518295,4753200
7/26/2022,94.580002,95.599998,94.519997,95.309998,93.32119,4423800
7/27/2022,95.190002,96.220001,94.169998,95.870003,93.869507,3143900
7/28/2022,95.75,96.190002,94.599998,95.529999,93.536591,4807500
7/29/2022,95.690002,96.099998,95.169998,95.68,93.683464,5735600
8/1/2022,95,96.559998,94.830002,96.019997,94.016373,4003900
8/2/2022,96.209999,96.519997,95.099998,95.370003,93.379936,4110500
8/3/2022,98.050003,101.879997,97.720001,101.379997,99.264519,11671800
8/4/2022,102.160004,104.410004,101.720001,101.870003,99.744308,7502900
8/5/2022,101.510002,103.550003,101.510002,102.260002,100.126167,4285200
8/8/2022,102.300003,102.760002,101.540001,102,99.87159,4190200
8/9/2022,102.879997,104.339996,102.440002,103.690002,101.526321,5128800
8/10/2022,104.529999,104.559998,103.470001,104.050003,101.878815,4203400
8/11/2022,103.919998,105.480003,103.849998,104.25,102.074646,4004900
8/12/2022,105,106.870003,104.879997,106.389999,104.169983,5064400
8/15/2022,105.989998,106.68,104.889999,106.269997,104.05249,2892600
8/16/2022,106.230003,107.260002,106.019997,106.43,104.209152,3398400
8/17/2022,105.519997,106.510002,104.779999,104.919998,102.730659,3865900
8/18/2022,104.68,104.889999,102.730003,103.639999,101.477364,6176800
8/19/2022,103.709999,104.620003,102.919998,104.050003,101.878815,5114300
8/22/2022,103.07,103.5,101.620003,102.339996,100.204498,5102900
8/23/2022,101.959999,101.959999,100.970001,101.129997,99.019737,2909300
8/24/2022,100.75,101.400002,100.209999,101.279999,99.166611,5140300
8/25/2022,101.160004,102.18,100.620003,102.150002,100.018463,3942600
8/26/2022,102.199997,102.5,99.980003,100.059998,97.972069,2853200
8/29/2022,99.480003,100.910004,98.910004,100.330002,98.236443,2998800
8/30/2022,100.300003,100.540001,98.550003,98.800003,96.738365,4896700
8/31/2022,99.019997,99.809998,98.089996,98.150002,96.101929,6145800
9/1/2022,98,99.980003,97.75,99.93,97.844788,3987000
9/2/2022,100.150002,101.32,99.029999,99.440002,97.365013,5535300
9/6/2022,99.730003,100.07,97.779999,98.730003,96.66983,5804100
9/7/2022,98.529999,101.110001,98.5,100.68,98.57914,4683800
9/8/2022,100.5,102.370003,100.080002,102.260002,100.126167,5445500
9/9/2022,102.5,102.849998,101.93,102.150002,100.018463,3888500
9/12/2022,102.629997,103.589996,102.389999,103.040001,100.8899,3709300
9/13/2022,101.989998,102.650002,100.190002,100.449997,98.353928,3501000
9/14/2022,101.059998,101.790001,100.199997,101.050003,98.941422,4686000
9/15/2022,102.120003,103.419998,101.839996,102.309998,100.175125,5556500
9/16/2022,102.139999,102.459999,100.980003,102.059998,99.930336,8611600
9/19/2022,101.059998,102.169998,100.300003,102.110001,99.979294,4100600
9/20/2022,101.470001,101.989998,100.330002,101.339996,99.225357,3861900
9/21/2022,101.940002,102.959999,99.75,99.769997,97.688118,3770600
9/22/2022,99.800003,100.93,98.919998,99.830002,97.74688,4513200
9/23/2022,99.480003,99.550003,96.959999,98.349998,96.297752,4647000
9/26/2022,97.589996,98.349998,96.860001,97.739998,95.700485,5106600
9/27/2022,98.099998,99.309998,96.870003,97.209999,95.181534,4606600
9/28/2022,98.050003,98.82,96.900002,98.160004,96.111717,4303400
9/29/2022,98.010002,98.209999,96.110001,96.980003,94.956345,5185200
9/30/2022,97.010002,97.839996,95.269997,95.370003,93.379936,5395000
10/3/2022,95.980003,98.169998,95.370003,97.760002,95.72007,3935800
10/4/2022,98.190002,100.629997,97.580002,100.519997,98.422462,5598400
10/5/2022,100.040001,101.080002,99.339996,100.449997,98.353928,3220800
10/6/2022,99.989998,100.160004,98.389999,98.580002,96.522957,4171000
10/7/2022,93.18,94,87.129997,88.25,86.408508,19715100
10/10/2022,87.709999,89.959999,87.209999,88.25,86.408508,7429800
10/11/2022,87.739998,89.699997,86.739998,88.5,86.653297,6898100
10/12/2022,88.739998,89.57,87.800003,87.839996,86.007065,4926500
10/13/2022,86.480003,90.529999,86.279999,90.099998,88.21991,6056300
10/14/2022,90.849998,90.949997,89.129997,89.300003,87.436607,5475500
10/17/2022,89.989998,91.089996,89.660004,90.889999,88.993423,5493900
10/18/2022,92.25,92.809998,90.870003,91.940002,90.021515,5659000
10/19/2022,91.900002,92.720001,91.110001,91.660004,89.74736,4004600
10/20/2022,91.459999,92.059998,90.650002,90.989998,89.62915,4798500
10/21/2022,90.839996,93.160004,90.040001,92.720001,91.333275,4919100
10/24/2022,93.910004,95.400002,93.730003,94.800003,93.382172,7183500
10/25/2022,91.129997,92.720001,90.760002,92.220001,90.840752,13822400
10/26/2022,93.160004,93.970001,92.720001,92.730003,91.343124,7619300
10/27/2022,93,93.790001,92.519997,92.699997,91.313576,5610700
10/28/2022,92.919998,94.730003,92.519997,94.190002,92.781288,6761600
10/31/2022,93.739998,95.879997,92.870003,94.699997,93.283653,7401400
11/1/2022,94.610001,95.110001,93.519997,94.620003,93.204865,7009000
11/2/2022,96.510002,99.440002,96,96.800003,95.352257,15502000
11/3/2022,96.25,98.459999,95.239998,97.800003,96.337303,8406400
11/4/2022,98.589996,99.849998,97.779999,99.559998,98.070976,9416000
11/7/2022,99.400002,101.440002,99.330002,101.18,99.666748,5595400
11/8/2022,101.400002,102.769997,101,101.650002,100.129723,5650000
11/9/2022,101.650002,101.970001,99.449997,99.559998,98.070976,5047100
11/10/2022,101.879997,101.889999,98.370003,99.910004,98.415741,6308100
11/11/2022,99.75,99.970001,95.050003,97.550003,96.091042,9174900
11/14/2022,97.879997,98.860001,97.139999,97.169998,95.716721,5018600
11/15/2022,97.800003,98.669998,97.160004,97.730003,96.268349,6569400
11/16/2022,97.870003,98.959999,95.830002,96.099998,94.66272,6940000
11/17/2022,95.730003,96.400002,94.739998,94.93,93.510223,6427200
11/18/2022,95.599998,97.489998,95.599998,97.349998,95.894028,7294000
11/21/2022,97.25,98.269997,97.25,97.889999,96.425957,4842300
11/22/2022,99.050003,99.879997,98.550003,99.510002,98.021729,4904600
11/23/2022,99.769997,100.610001,99.699997,100.059998,98.563499,3359600
11/25/2022,100.610001,101.550003,100.190002,101.260002,99.74556,2464800
11/28/2022,100.709999,102.099998,100.07,100.410004,98.908272,4585100
11/29/2022,100.190002,101.089996,100.110001,100.879997,99.371231,3428900
11/30/2022,100.459999,102.029999,99.800003,101.879997,100.356277,7858200
12/1/2022,102.190002,102.599998,100.959999,101.650002,100.129723,5047600
12/2/2022,101.169998,102.75,101.089996,102.580002,101.045807,4478900
12/5/2022,101.879997,102.839996,101.720001,102.010002,100.484337,3645300
12/6/2022,101.839996,102.720001,100.540001,101.190002,99.676598,4060200
12/7/2022,101.360001,102.339996,101.349998,102.279999,100.750298,4824500
12/8/2022,102.5,103.800003,102.279999,102.529999,100.996552,4063500
12/9/2022,102.169998,102.690002,101.529999,101.650002,100.129723,4383000
12/12/2022,101.660004,103.790001,101.660004,103.790001,102.237709,4724200
12/13/2022,104.599998,104.830002,100.790001,101.190002,99.676598,6061800
12/14/2022,101.379997,101.879997,99.510002,100.68,99.174225,5129900
12/15/2022,99.389999,99.629997,97.099998,97.599998,96.140289,7073200
12/16/2022,96.529999,96.760002,94.550003,95.449997,94.022446,11126600
12/19/2022,95.379997,96.309998,94.669998,95.050003,93.628426,5159100
12/20/2022,94.870003,95.400002,94.139999,95,93.579178,5301200
12/21/2022,95.589996,95.620003,93.010002,94.120003,92.712341,6278400
12/22/2022,93.519997,94.040001,92.440002,93.400002,92.003113,5384100
12/23/2022,93.309998,94.209999,93.07,93.559998,92.160713,7307000
12/27/2022,93.110001,93.32,92.129997,93.019997,91.628792,3977400
12/28/2022,93.400002,93.690002,92.580002,92.760002,91.372673,3807000
12/29/2022,93.209999,93.75,92.919998,93.449997,92.052353,3297200
12/30/2022,93.25,93.449997,92.489998,93.190002,91.796249,3568500
1/3/2023,91.720001,93.050003,91.040001,92.910004,91.520439,6543500
1/4/2023,93.279999,93.410004,91.660004,91.980003,90.604347,7330400
1/5/2023,91.709999,92.169998,90.43,90.449997,89.097221,8441600
1/6/2023,91.330002,91.93,90.980003,91.599998,90.230026,8957500
1/9/2023,92.139999,93.25,91.419998,91.489998,90.121674,10415900
1/10/2023,90.849998,91.370003,88.5,90.650002,89.294235,10828300
1/11/2023,91.559998,91.690002,89.349998,89.75,88.4077,10221100
1/12/2023,89.790001,89.970001,89.029999,89.18,87.846222,10466200
1/13/2023,88.699997,90.400002,88.510002,89.919998,88.57515,10209500
1/17/2023,90.099998,90.559998,89.110001,89.370003,88.033379,12365300
1/18/2023,89.589996,89.75,88.029999,88.199997,86.880875,9495000
1/19/2023,87.709999,88.309998,87.050003,87.480003,86.766815,11430400
1/20/2023,87.480003,87.489998,86.75,87,86.290726,13008000
1/23/2023,87,87.449997,86.75,87.199997,86.489098,14720100
1/24/2023,86.480003,86.830002,85.919998,86.019997,85.318718,14708600
1/25/2023,85.389999,86.010002,84.82,85.75,85.050919,18389700
1/26/2023,86.459999,87.760002,86.029999,87.660004,86.945351,9263400
1/27/2023,87.75,88.120003,87,87.779999,87.064369,7480900
1/30/2023,87.889999,88.389999,86.989998,87.050003,86.340324,8540000
1/31/2023,87.5,88.5,87.07,88.220001,87.500786,8189900
2/1/2023,88.010002,88.18,86.68,87.489998,86.776733,7420300
2/2/2023,86.540001,86.970001,85.459999,86.18,85.477417,11244300
2/3/2023,86.699997,87.599998,85.610001,85.769997,85.070755,7256700
2/6/2023,85.889999,86.589996,85.199997,85.25,84.554993,8319400
2/7/2023,85.150002,86.629997,84.599998,85.980003,85.279045,15264800
2/8/2023,87.889999,90.25,87.75,88.959999,88.234749,17068700
2/9/2023,89.330002,90.620003,89.199997,90.07,89.335701,10703400
2/10/2023,90.339996,90.599998,89.5,89.660004,88.929047,7718500
2/13/2023,89.580002,90.580002,89.139999,89.870003,89.137337,7818900
2/14/2023,89.870003,89.989998,88.139999,88.519997,87.798332,7497400
2/15/2023,87.919998,88.470001,87.739998,88.349998,87.629723,6435700
2/16/2023,87.470001,88.620003,87.349998,87.970001,87.252823,8317900
2/17/2023,88.110001,88.75,87.870003,88.580002,87.857849,7320800
2/21/2023,88.110001,88.589996,87.260002,87.620003,86.905678,7245900
2/22/2023,87.550003,87.760002,86.949997,87.209999,86.499016,5614400
2/23/2023,87.410004,87.900002,86.720001,86.870003,86.161789,7283000
2/24/2023,86.449997,86.690002,85.470001,85.769997,85.070755,9271000
2/27/2023,86.040001,86.279999,84.629997,84.839996,84.148331,7933300
2/28/2023,84.839996,84.940002,83.139999,83.540001,82.85894,9559100
3/1/2023,82.900002,83.260002,81.980003,82.470001,81.797661,7444400
3/2/2023,82.050003,82.389999,81.360001,81.43,80.766136,10094700
3/3/2023,81.949997,81.959999,81.220001,81.809998,81.143036,12145900
3/6/2023,82,83,81.650002,82.970001,82.293587,10156100
3/7/2023,82.650002,83,80.239998,80.449997,79.794128,9669600
3/8/2023,80.330002,80.650002,79.529999,79.809998,79.15934,6657000
3/9/2023,79.970001,80.07,76.660004,77,76.372253,11040400
3/10/2023,77.010002,78.160004,76.870003,77.099998,76.471436,7852500
3/13/2023,76.480003,77.620003,75.900002,76.279999,75.658119,7165400
3/14/2023,76.760002,76.889999,74.790001,75.559998,74.943993,8180500
3/15/2023,74.900002,75.440002,74.519997,75.400002,74.785301,7989900
3/16/2023,75.059998,76.150002,74.580002,75.830002,75.211792,6639100
3/17/2023,75.849998,75.949997,73.910004,74.370003,73.763695,16807800
3/20/2023,74.629997,75.589996,74.629997,74.980003,74.368729,6191000
3/21/2023,75.510002,75.660004,74.75,75.559998,74.943993,6779800
3/22/2023,75.730003,76.300003,74.389999,74.410004,73.803375,6806000
3/23/2023,74.220001,74.220001,72.110001,72.370003,71.780006,9031800
3/24/2023,72.330002,73.559998,72.129997,73.260002,72.66275,6061500
3/27/2023,74.129997,74.559998,73.32,73.57,72.970215,5587500
3/28/2023,73.599998,74.260002,72.900002,73.120003,72.523888,6457100
3/29/2023,73.68,74.110001,73.160004,74.089996,73.485977,8064000
3/30/2023,75.150002,75.230003,74.040001,74.699997,74.091003,6523500
3/31/2023,74.769997,74.889999,74.080002,74.309998,73.704185,10490900
4/3/2023,75.029999,76.580002,74.75,76.089996,75.469666,9742200
4/4/2023,75.989998,76.540001,75.620003,76.25,75.628372,6469700
4/5/2023,76.389999,77.809998,76.099998,77.75,77.116142,7645500
4/6/2023,77.949997,78.480003,77.160004,77.540001,76.907852,8778300
4/10/2023,76.949997,77.300003,75.769997,76.040001,75.420082,9299100
4/11/2023,76.440002,76.959999,76.110001,76.290001,75.668045,8746600
4/12/2023,76.339996,76.660004,74.790001,74.919998,74.309212,9602300
4/13/2023,74.940002,75.919998,74.419998,75.419998,74.80513,8439700
4/14/2023,75.779999,75.800003,74.339996,74.699997,74.091003,7432900
4/17/2023,74.25,75.940002,74.25,75.800003,75.182037,11724700
4/18/2023,77.07,77.190002,75.440002,76.139999,75.519264,9382900
4/19/2023,75.25,75.260002,73.940002,74.209999,73.604996,8784300
4/20/2023,73.25,73.809998,72.93,73.25,73.25,8579500
4/21/2023,73.540001,73.57,72.550003,72.839996,72.839996,7050900
